pair,dimer,pentamer,sIgM,mean
Asp111-Arg467,1.0,1.0,1.0,1.0
Asp111-Asn465,0.0,1.0,0.0,0.3333333333333333
Asp111-Ala572,0.0,0.0,0.25,0.08333333333333333
Thr65-Glu468,1.0,1.0,1.0,1.0
Thr65-Arg514,0.0,1.0,0.25,0.4166666666666667
Thr65-Arg451,0.5,0.0,0.0,0.16666666666666666
Thr65-Asp453,0.5,0.0,0.0,0.16666666666666666
Thr65-His450,0.0,0.0,0.25,0.08333333333333333
Thr57-Arg467,1.0,1.0,1.0,1.0
Phe67-Arg467,1.0,1.0,1.0,1.0
Phe67-Glu468,1.0,1.0,1.0,1.0
Phe67-Ser469,1.0,0.0,0.25,0.4166666666666667
Phe67-Glu525,0.0,0.0,0.25,0.08333333333333333
Thr110-Leu466,1.0,1.0,1.0,1.0
Thr110-Arg467,1.0,1.0,1.0,1.0
Thr110-Asn465,1.0,1.0,0.75,0.9166666666666666
Arg45-Leu466,1.0,1.0,1.0,1.0
Arg45-Glu468,1.0,1.0,0.75,0.9166666666666666
Thr60-Arg467,1.0,1.0,1.0,1.0
Thr60-Leu466,1.0,1.0,0.75,0.9166666666666666
Thr60-Glu468,1.0,0.0,1.0,0.6666666666666666
Asn66-Arg514,1.0,1.0,0.75,0.9166666666666666
Asn66-Pro512,0.0,1.0,0.25,0.4166666666666667
Asn66-Ala511,0.5,0.0,0.5,0.3333333333333333
Asn66-His450,0.0,0.0,0.25,0.08333333333333333
Asn109-Asn465,1.0,1.0,0.75,0.9166666666666666
Asn109-Thr571,0.0,1.0,0.0,0.3333333333333333
Asn109-Tyr576,0.0,1.0,0.0,0.3333333333333333
Ser63-Glu468,1.0,1.0,0.75,0.9166666666666666
Lys69-Glu526,1.0,1.0,0.5,0.8333333333333334
Met108-Asp453,1.0,1.0,0.25,0.75
Met108-Leu466,1.0,0.0,0.75,0.5833333333333334
Met108-Arg451,0.5,1.0,0.25,0.5833333333333334
Arg112-Ala572,0.0,1.0,0.25,0.4166666666666667
Arg112-Thr571,0.0,1.0,0.0,0.3333333333333333
Arg112-Tyr576,0.0,1.0,0.0,0.3333333333333333
Arg112-Gly531,0.0,0.0,0.5,0.16666666666666666
Arg112-Ser569,0.0,0.0,0.25,0.08333333333333333
Arg112-Asp570,0.0,0.0,0.25,0.08333333333333333
Arg112-Thr530,0.0,0.0,0.25,0.08333333333333333
Met52-Glu526,1.0,0.0,0.25,0.4166666666666667
Gly59-Glu526,0.0,1.0,0.0,0.3333333333333333
Gly59-Arg467,1.0,0.0,0.0,0.3333333333333333
Gly107-Tyr576,0.0,1.0,0.0,0.3333333333333333
Gly107-Arg491,0.0,0.0,0.75,0.25
Val44-Arg491,0.0,0.0,0.75,0.25
Val44-Gln493,0.0,0.0,0.5,0.16666666666666666
Glu71-Glu526,0.5,0.0,0.25,0.25
His43-Gln493,0.0,0.0,0.75,0.25
Met42-Gln493,0.0,0.0,0.5,0.16666666666666666
Met42-Arg491,0.0,0.0,0.25,0.08333333333333333
Met42-Gln490,0.0,0.0,0.25,0.08333333333333333
Met42-Pro494,0.0,0.0,0.25,0.08333333333333333
Gly113-Arg491,0.0,0.0,0.25,0.08333333333333333
Cys58-Arg467,0.0,0.0,0.25,0.08333333333333333
