System,Residue_Label,RMSF (nm)
WT,LEU20,1.5336
WT,PRO21,1.3384
WT,GLU22,1.1314
WT,VAL23,0.9564
WT,LYS24,0.7391
WT,VAL25,0.5751
WT,GLU26,0.4312
WT,GLY27,0.3759
WT,GLU28,0.2945
WT,LEU29,0.3695
WT,GLY30,0.4435
WT,GLY31,0.5666
WT,SER32,0.7053
WT,VAL33,0.8222
WT,THR34,0.8631
WT,ILE35,0.9523
WT,LYS36,1.0524
WT,CYS37,1.0687
WT,PRO38,1.0853
WT,LEU39,1.1868
WT,PRO40,1.2661
WT,GLU41,1.2801
WT,MET42,1.2409
WT,HIS43,1.1275
WT,VAL44,1.0422
WT,ARG45,0.896
WT,ILE46,0.7307
WT,TYR47,0.62
WT,LEU48,0.4744
WT,CYS49,0.4453
WT,ARG50,0.3931
WT,GLU51,0.4908
WT,MET52,0.5948
WT,ALA53,0.5637
WT,GLY54,0.7076
WT,SER55,0.7505
WT,GLY56,0.7544
WT,THR57,0.6789
WT,CYS58,0.5361
WT,GLY59,0.5421
WT,THR60,0.519
WT,VAL61,0.6118
WT,VAL62,0.6758
WT,SER63,0.7752
WT,THR64,0.9204
WT,THR65,1.0107
WT,ASN66,0.9105
WT,PHE67,0.9785
WT,ILE68,0.9022
WT,LYS69,0.9661
WT,ALA70,1.0828
WT,GLU71,1.0216
WT,TYR72,1.1721
WT,LYS73,1.0741
WT,GLY74,0.9199
WT,ARG75,0.9244
WT,VAL76,0.7981
WT,THR77,0.8565
WT,LEU78,0.8963
WT,LYS79,0.8125
WT,GLN80,0.9116
WT,TYR81,0.9592
WT,PRO82,0.9055
WT,ARG83,1.0709
WT,LYS84,1.0896
WT,ASN85,1.0216
WT,LEU86,1.0998
WT,PHE87,1.0218
WT,LEU88,0.8312
WT,VAL89,0.7455
WT,GLU90,0.6501
WT,VAL91,0.6266
WT,THR92,0.6109
WT,GLN93,0.6503
WT,LEU94,0.7616
WT,THR95,0.8296
WT,GLU96,0.9966
WT,SER97,1.0477
WT,ASP98,1.2232
WT,SER99,1.2592
WT,GLY100,1.3659
WT,VAL101,1.2328
WT,TYR102,1.1075
WT,ALA103,1.2532
WT,CYS104,1.312
WT,GLY105,1.1531
WT,ALA106,1.0711
WT,GLY107,0.9048
WT,MET108,0.7748
WT,ASN109,0.6239
WT,THR110,0.4868
WT,ASP111,0.4295
WT,ARG112,0.3326
WT,GLY113,0.3662
WT,LYS114,0.4059
WT,THR115,0.5039
WT,GLN116,0.5297
WT,LYS117,0.4292
WT,VAL118,0.5563
WT,THR119,0.5229
WT,LEU120,0.4182
WT,ASN121,0.363
WT,VAL122,0.3385
WT,HIS123,0.4149
WT,SER124,0.4372
D111A,LEU20,1.5386
D111A,PRO21,1.3118
D111A,GLU22,1.1793
D111A,VAL23,1.0684
D111A,LYS24,0.9
D111A,VAL25,0.7441
D111A,GLU26,0.5755
D111A,GLY27,0.5273
D111A,GLU28,0.4026
D111A,LEU29,0.4568
D111A,GLY30,0.4971
D111A,GLY31,0.6607
D111A,SER32,0.8077
D111A,VAL33,0.9772
D111A,THR34,1.0966
D111A,ILE35,1.2657
D111A,LYS36,1.3819
D111A,CYS37,1.3249
D111A,PRO38,1.3588
D111A,LEU39,1.54
D111A,PRO40,1.5746
D111A,GLU41,1.5325
D111A,MET42,1.429
D111A,HIS43,1.2962
D111A,VAL44,1.1636
D111A,ARG45,0.984
D111A,ILE46,0.7835
D111A,TYR47,0.6744
D111A,LEU48,0.4927
D111A,CYS49,0.497
D111A,ARG50,0.448
D111A,GLU51,0.5656
D111A,MET52,0.6778
D111A,ALA53,0.6869
D111A,GLY54,0.8422
D111A,SER55,0.882
D111A,GLY56,0.7876
D111A,THR57,0.7019
D111A,CYS58,0.5565
D111A,GLY59,0.4838
D111A,THR60,0.4189
D111A,VAL61,0.4674
D111A,VAL62,0.5283
D111A,SER63,0.5964
D111A,THR64,0.7316
D111A,THR65,0.7853
D111A,ASN66,0.6995
D111A,PHE67,0.7566
D111A,ILE68,0.6974
D111A,LYS69,0.7873
D111A,ALA70,0.9161
D111A,GLU71,0.8752
D111A,TYR72,1.0532
D111A,LYS73,0.9827
D111A,GLY74,0.839
D111A,ARG75,0.8491
D111A,VAL76,0.7128
D111A,THR77,0.7969
D111A,LEU78,0.8158
D111A,LYS79,0.7614
D111A,GLN80,0.8722
D111A,TYR81,0.9335
D111A,PRO82,0.9611
D111A,ARG83,1.1116
D111A,LYS84,1.1962
D111A,ASN85,1.2389
D111A,LEU86,1.1346
D111A,PHE87,1.1306
D111A,LEU88,0.9024
D111A,VAL89,0.7707
D111A,GLU90,0.6627
D111A,VAL91,0.6124
D111A,THR92,0.6298
D111A,GLN93,0.6122
D111A,LEU94,0.7566
D111A,THR95,0.8063
D111A,GLU96,1.0134
D111A,SER97,1.0747
D111A,ASP98,1.275
D111A,SER99,1.3589
D111A,GLY100,1.394
D111A,VAL101,1.1885
D111A,TYR102,1.1226
D111A,ALA103,1.2819
D111A,CYS104,1.2455
D111A,GLY105,1.0516
D111A,ALA106,0.9574
D111A,GLY107,0.7818
D111A,MET108,0.6685
D111A,ASN109,0.5008
D111A,THR110,0.3921
D111A,ASP111,0.3452
D111A,ARG112,0.3396
D111A,GLY113,0.4653
D111A,LYS114,0.598
D111A,THR115,0.7952
D111A,GLN116,0.8537
D111A,LYS117,0.7459
D111A,VAL118,0.9017
D111A,THR119,0.8189
D111A,LEU120,0.7032
D111A,ASN121,0.53
D111A,VAL122,0.4502
D111A,HIS123,0.3918
D111A,SER124,0.403
T110A_D111A,LEU20,1.74
T110A_D111A,PRO21,1.5045
T110A_D111A,GLU22,1.3062
T110A_D111A,VAL23,1.1008
T110A_D111A,LYS24,0.882
T110A_D111A,VAL25,0.6908
T110A_D111A,GLU26,0.4427
T110A_D111A,GLY27,0.3148
T110A_D111A,GLU28,0.2597
T110A_D111A,LEU29,0.4158
T110A_D111A,GLY30,0.6503
T110A_D111A,GLY31,0.8533
T110A_D111A,SER32,1.1206
T110A_D111A,VAL33,1.3413
T110A_D111A,THR34,1.4239
T110A_D111A,ILE35,1.6223
T110A_D111A,LYS36,1.7844
T110A_D111A,CYS37,1.8022
T110A_D111A,PRO38,1.8652
T110A_D111A,LEU39,2.0565
T110A_D111A,PRO40,2.17
T110A_D111A,GLU41,2.1769
T110A_D111A,MET42,2.0742
T110A_D111A,HIS43,1.8539
T110A_D111A,VAL44,1.6477
T110A_D111A,ARG45,1.3949
T110A_D111A,ILE46,1.1433
T110A_D111A,TYR47,0.9056
T110A_D111A,LEU48,0.6656
T110A_D111A,CYS49,0.4659
T110A_D111A,ARG50,0.3108
T110A_D111A,GLU51,0.3321
T110A_D111A,MET52,0.5205
T110A_D111A,ALA53,0.5708
T110A_D111A,GLY54,0.8064
T110A_D111A,SER55,0.9187
T110A_D111A,GLY56,0.8445
T110A_D111A,THR57,0.8638
T110A_D111A,CYS58,0.7079
T110A_D111A,GLY59,0.8136
T110A_D111A,THR60,0.7924
T110A_D111A,VAL61,0.9826
T110A_D111A,VAL62,1.0853
T110A_D111A,SER63,1.2294
T110A_D111A,THR64,1.4127
T110A_D111A,THR65,1.484
T110A_D111A,ASN66,1.3764
T110A_D111A,PHE67,1.5086
T110A_D111A,ILE68,1.4229
T110A_D111A,LYS69,1.507
T110A_D111A,ALA70,1.6555
T110A_D111A,GLU71,1.5265
T110A_D111A,TYR72,1.7327
T110A_D111A,LYS73,1.6233
T110A_D111A,GLY74,1.359
T110A_D111A,ARG75,1.2744
T110A_D111A,VAL76,1.03
T110A_D111A,THR77,0.99
T110A_D111A,LEU78,0.9734
T110A_D111A,LYS79,0.7995
T110A_D111A,GLN80,0.8334
T110A_D111A,TYR81,0.8555
T110A_D111A,PRO82,0.7769
T110A_D111A,ARG83,0.9534
T110A_D111A,LYS84,1.0248
T110A_D111A,ASN85,1.0051
T110A_D111A,LEU86,1.1113
T110A_D111A,PHE87,1.0355
T110A_D111A,LEU88,0.7985
T110A_D111A,VAL89,0.6584
T110A_D111A,GLU90,0.5249
T110A_D111A,VAL91,0.5929
T110A_D111A,THR92,0.6868
T110A_D111A,GLN93,0.8688
T110A_D111A,LEU94,1.0895
T110A_D111A,THR95,1.2706
T110A_D111A,GLU96,1.5464
T110A_D111A,SER97,1.6446
T110A_D111A,ASP98,1.9055
T110A_D111A,SER99,1.9366
T110A_D111A,GLY100,2.1232
T110A_D111A,VAL101,1.9409
T110A_D111A,TYR102,1.7298
T110A_D111A,ALA103,1.9293
T110A_D111A,CYS104,2.0249
T110A_D111A,GLY105,1.7723
T110A_D111A,ALA106,1.6596
T110A_D111A,GLY107,1.3932
T110A_D111A,MET108,1.216
T110A_D111A,ASN109,0.9863
T110A_D111A,THR110,0.7926
T110A_D111A,ASP111,0.7323
T110A_D111A,ARG112,0.571
T110A_D111A,GLY113,0.6666
T110A_D111A,LYS114,0.6637
T110A_D111A,THR115,0.838
T110A_D111A,GLN116,0.8041
T110A_D111A,LYS117,0.6789
T110A_D111A,VAL118,0.8712
T110A_D111A,THR119,0.8789
T110A_D111A,LEU120,0.7858
T110A_D111A,ASN121,0.6844
T110A_D111A,VAL122,0.5705
T110A_D111A,HIS123,0.6564
T110A_D111A,SER124,0.6571
T60A_S63A,LEU20,1.8778
T60A_S63A,PRO21,1.6401
T60A_S63A,GLU22,1.4723
T60A_S63A,VAL23,1.2075
T60A_S63A,LYS24,1.0398
T60A_S63A,VAL25,0.8012
T60A_S63A,GLU26,0.6256
T60A_S63A,GLY27,0.6576
T60A_S63A,GLU28,0.5585
T60A_S63A,LEU29,0.7334
T60A_S63A,GLY30,0.8347
T60A_S63A,GLY31,1.0492
T60A_S63A,SER32,1.2657
T60A_S63A,VAL33,1.4194
T60A_S63A,THR34,1.5988
T60A_S63A,ILE35,1.8343
T60A_S63A,LYS36,1.9632
T60A_S63A,CYS37,1.9027
T60A_S63A,PRO38,1.9674
T60A_S63A,LEU39,2.1886
T60A_S63A,PRO40,2.2518
T60A_S63A,GLU41,2.2285
T60A_S63A,MET42,2.0521
T60A_S63A,HIS43,1.8342
T60A_S63A,VAL44,1.6161
T60A_S63A,ARG45,1.3679
T60A_S63A,ILE46,1.1644
T60A_S63A,TYR47,0.9731
T60A_S63A,LEU48,0.7438
T60A_S63A,CYS49,0.6932
T60A_S63A,ARG50,0.5702
T60A_S63A,GLU51,0.7559
T60A_S63A,MET52,0.9015
T60A_S63A,ALA53,0.8093
T60A_S63A,GLY54,1.0075
T60A_S63A,SER55,1.0729
T60A_S63A,GLY56,1.0452
T60A_S63A,THR57,0.9592
T60A_S63A,CYS58,0.7379
T60A_S63A,GLY59,0.7865
T60A_S63A,THR60,0.732
T60A_S63A,VAL61,0.9338
T60A_S63A,VAL62,1.0567
T60A_S63A,SER63,1.2692
T60A_S63A,THR64,1.5131
T60A_S63A,THR65,1.6833
T60A_S63A,ASN66,1.5443
T60A_S63A,PHE67,1.6247
T60A_S63A,ILE68,1.4553
T60A_S63A,LYS69,1.4969
T60A_S63A,ALA70,1.6389
T60A_S63A,GLU71,1.5031
T60A_S63A,TYR72,1.6794
T60A_S63A,LYS73,1.5417
T60A_S63A,GLY74,1.2945
T60A_S63A,ARG75,1.2554
T60A_S63A,VAL76,1.0606
T60A_S63A,THR77,1.1311
T60A_S63A,LEU78,1.1803
T60A_S63A,LYS79,1.0863
T60A_S63A,GLN80,1.2787
T60A_S63A,TYR81,1.3871
T60A_S63A,PRO82,1.3633
T60A_S63A,ARG83,1.6541
T60A_S63A,LYS84,1.7238
T60A_S63A,ASN85,1.5952
T60A_S63A,LEU86,1.6536
T60A_S63A,PHE87,1.4914
T60A_S63A,LEU88,1.2105
T60A_S63A,VAL89,1.0606
T60A_S63A,GLU90,0.9204
T60A_S63A,VAL91,0.8333
T60A_S63A,THR92,0.8296
T60A_S63A,GLN93,0.8859
T60A_S63A,LEU94,1.0772
T60A_S63A,THR95,1.2164
T60A_S63A,GLU96,1.4651
T60A_S63A,SER97,1.6206
T60A_S63A,ASP98,1.8846
T60A_S63A,SER99,2.0155
T60A_S63A,GLY100,2.1575
T60A_S63A,VAL101,1.9182
T60A_S63A,TYR102,1.7924
T60A_S63A,ALA103,2.0549
T60A_S63A,CYS104,2.0991
T60A_S63A,GLY105,2.0139
T60A_S63A,ALA106,1.8222
T60A_S63A,GLY107,1.5477
T60A_S63A,MET108,1.3027
T60A_S63A,ASN109,1.0793
T60A_S63A,THR110,0.8186
T60A_S63A,ASP111,0.7544
T60A_S63A,ARG112,0.5541
T60A_S63A,GLY113,0.6517
T60A_S63A,LYS114,0.6696
T60A_S63A,THR115,0.8508
T60A_S63A,GLN116,0.8323
T60A_S63A,LYS117,0.7211
T60A_S63A,VAL118,0.933
T60A_S63A,THR119,0.9763
T60A_S63A,LEU120,0.8239
T60A_S63A,ASN121,0.7454
T60A_S63A,VAL122,0.6806
T60A_S63A,HIS123,0.7994
T60A_S63A,SER124,0.8473
