System,Source,Target,MFPT_ns
WT,M1,M4,62.483871
WT,M1,M5,351.416667
WT,M4,M1,96.764706
WT,M4,M5,345.333333
WT,M5,M1,162.823529
WT,M5,M4,105.870968
D111A,M1,M4,116.666667
D111A,M1,M5,471.833333
D111A,M4,M1,808.500000
D111A,M4,M5,355.166667
D111A,M5,M1,1378.500000
D111A,M5,M4,570.000000
T110A_D111A,M1,M2,1294.395722
T110A_D111A,M1,M3,1419.395722
T110A_D111A,M1,M4,4368965701668094.500000
T110A_D111A,M1,M5,23.395722
T110A_D111A,M2,M1,145268109580462720.000000
T110A_D111A,M2,M3,125.000000
T110A_D111A,M2,M4,145268109580462784.000000
T110A_D111A,M2,M5,145268109580462720.000000
T110A_D111A,M3,M1,145268109580462720.000000
T110A_D111A,M3,M2,1.000000
T110A_D111A,M3,M4,145268109580462784.000000
T110A_D111A,M3,M5,145268109580462720.000000
T110A_D111A,M4,M1,373920487980609.750000
T110A_D111A,M4,M2,1301.299465
T110A_D111A,M4,M3,1426.299465
T110A_D111A,M4,M5,30.299465
T110A_D111A,M5,M1,5421847075718718.000000
T110A_D111A,M5,M2,1271.000000
T110A_D111A,M5,M3,1396.000000
T110A_D111A,M5,M4,9102011878475180.000000
T60A_S63A,M1,M2,473.840000
T60A_S63A,M1,M3,271.873134
T60A_S63A,M1,M5,112.080000
T60A_S63A,M2,M1,126.910891
T60A_S63A,M2,M3,335.738806
T60A_S63A,M2,M5,112.270000
T60A_S63A,M3,M1,137.920792
T60A_S63A,M3,M2,499.120000
T60A_S63A,M3,M5,137.360000
T60A_S63A,M5,M1,56.881188
T60A_S63A,M5,M2,361.760000
T60A_S63A,M5,M3,244.694030
