pair,occurrence
Arg45-Leu466,7
Arg45-Glu468,7
Thr57-Arg467,7
Thr60-Leu466,7
Thr60-Arg467,7
Ser63-Glu468,7
Asn66-Arg514,7
Phe67-Arg467,7
Phe67-Glu468,7
Lys69-Glu526,7
Asn109-Asn465,7
Thr110-Asn465,7
Thr110-Leu466,7
Thr110-Arg467,7
Asp111-Arg467,7
Thr60-Glu468,6
Thr65-Glu468,6
Met108-Arg451,6
Phe67-Ser469,5
Met108-Leu466,5
Arg112-Ala572,5
Met42-Gln493,4
Met42-Pro494,4
Val44-Gln493,4
Met52-Glu526,4
Gly59-Glu526,4
Thr65-Arg514,4
Gly107-Arg491,4
Arg112-Thr530,4
Arg112-Gly531,4
Arg112-Thr571,4
Met42-Arg491,3
Met42-Leu495,3
Gly59-Arg467,3
Thr65-His450,3
Asn66-Ala511,3
Asn66-Pro512,3
Met108-Asp453,3
Asn109-Tyr576,3
Arg112-Thr574,3
Arg112-Tyr576,3
Met42-Gln490,2
Met42-Ser496,2
His43-Arg491,2
His43-Gln493,2
Val44-Arg451,2
Val44-Arg491,2
Thr57-Glu525,2
Asn66-His450,2
Glu71-Glu526,2
Gly107-Tyr576,2
Arg112-Glu532,2
Arg112-Cys575,2
Gly113-Tyr576,2
Arg45-Asn465,1
Arg45-Arg467,1
Ser55-Thr571,1
Gly56-Thr571,1
Cys58-Arg467,1
Thr65-Arg451,1
Thr65-Asp453,1
Asn66-Gln510,1
Phe67-Ser524,1
Phe67-Glu525,1
Lys69-Ser524,1
Lys73-Gln510,1
Met108-Arg491,1
Met108-Tyr576,1
Asn109-Arg467,1
Asn109-Thr571,1
Asp111-Asn465,1
Asp111-Ala572,1
Arg112-Arg491,1
Arg112-Thr533,1
Arg112-Ser569,1
Arg112-Asp570,1
Gly113-Arg491,1
