,1 FcμR,4 FcμR,8 FcμR
Arg45-Leu466,1.0,1.0,1.0
Asn66-Arg514,1.0,1.0,1.0
Asn109-Asn465,1.0,1.0,1.0
Phe67-Glu468,1.0,1.0,1.0
Thr110-Arg467,1.0,1.0,1.0
Thr110-Leu466,1.0,1.0,1.0
Thr60-Arg467,1.0,1.0,1.0
Thr65-Glu468,1.0,1.0,0.875
Thr60-Leu466,1.0,1.0,0.875
Thr57-Arg467,1.0,0.75,1.0
Thr110-Asn465,1.0,1.0,0.625
Lys69-Glu526,1.0,0.75,0.75
Ser63-Glu468,1.0,0.75,0.75
Asp111-Arg467,1.0,0.5,0.875
Arg45-Glu468,1.0,0.5,0.75
Gly59-Glu526,1.0,0.5,0.5
Phe67-Arg467,1.0,0.25,0.375
Thr65-Arg514,1.0,0.25,0.25
Arg112-Ala572,1.0,0.25,0.125
Met108-Arg451,1.0,0.25,0.125
Arg112-Thr571,1.0,0.25,0.125
