Time_ns,WT,D111A,T110A_D111A,T60A_S63A
0.000000,2.203666,2.202574,2.200753,2.233657
0.100000,2.221123,2.245384,2.242371,2.241754
0.200000,2.223215,2.231063,2.230480,2.215523
0.300000,2.213259,2.257106,2.231193,2.229312
0.400000,2.204579,2.221403,2.243446,2.249701
0.500000,2.248506,2.239761,2.253279,2.215017
0.600000,2.240079,2.220615,2.244828,2.243147
0.700000,2.249926,2.247861,2.253521,2.220935
0.800000,2.211215,2.231361,2.224098,2.239239
0.900000,2.235265,2.208382,2.260507,2.219128
1.000000,2.238652,2.237859,3.345130,2.192664
1.100000,2.249971,2.232651,2.261767,2.197414
1.200000,2.221826,2.225991,2.243119,2.274460
1.300000,2.248820,2.217458,2.215259,2.240752
1.400000,2.256288,2.223111,2.237259,2.219607
1.500000,2.216639,2.189743,2.217777,2.242784
1.600000,2.258245,2.167869,2.226920,2.234397
1.700000,2.236567,2.189156,2.231194,2.217618
1.800000,2.236871,2.203241,2.232230,2.225882
1.900000,2.245205,2.208952,2.219191,2.228296
2.000000,2.232027,2.210975,2.226043,2.234109
2.100000,2.203588,2.213700,2.245252,2.260972
2.200000,2.215891,2.206078,2.265270,2.277238
2.300000,2.202395,2.212078,2.231253,2.290361
2.400000,2.213404,2.210693,2.265697,2.256010
2.500000,2.201744,2.197525,2.305242,2.223734
2.600000,2.199164,2.200536,2.330056,2.188046
2.700000,2.213102,2.187950,2.318849,2.297394
2.800000,2.242896,2.211115,2.319275,2.231755
2.900000,2.223993,2.219540,2.350302,2.199964
3.000000,2.222371,2.212422,2.328701,2.173069
3.100000,2.238760,2.217486,2.337003,2.223457
3.200000,2.274844,2.233834,2.338961,2.233782
3.300000,2.228450,2.225749,2.300952,2.235015
3.400000,2.240063,2.194395,2.305046,2.217470
3.500000,2.247934,2.192621,2.323850,2.217771
3.600000,2.272876,2.184080,2.301299,2.237662
3.700000,2.252454,2.203081,2.331543,2.230956
3.800000,2.233923,2.190795,2.338681,2.242267
3.900000,2.238466,2.196695,2.309700,2.270949
4.000000,2.249209,2.169421,2.276032,2.271702
4.100000,2.245727,2.199151,2.302285,2.272470
4.200000,2.224842,2.208198,2.302149,2.241911
4.300000,2.240691,2.192956,2.302901,2.255734
4.400000,2.242230,2.227716,2.260389,2.272601
4.500000,2.226972,2.215058,2.251646,2.258630
4.600000,2.258247,2.180854,2.292170,2.272410
4.700000,2.267746,2.176780,2.268897,2.285516
4.800000,2.233088,2.216809,2.289883,2.290116
4.900000,2.221082,2.217417,2.268282,2.287962
5.000000,2.240876,2.205807,2.256581,2.296563
5.100000,2.243708,2.212888,2.197331,2.287175
5.200000,2.274004,2.229138,2.226741,2.312044
5.300000,3.231849,2.204269,2.234068,2.294243
5.400000,2.243387,2.196715,2.218011,2.305385
5.500000,2.266600,2.208518,2.237535,2.324494
5.600000,2.286605,2.205932,2.240474,2.316806
5.700000,2.276242,2.190919,2.236386,2.280844
5.800000,2.256763,2.215286,2.266203,2.281542
5.900000,2.228541,2.186460,2.281061,2.298612
6.000000,2.237978,2.221523,2.257970,2.317161
6.100000,2.270914,2.213900,2.300220,2.314134
6.200000,2.254872,2.195707,2.305998,2.312519
6.300000,2.248612,2.211061,2.371828,2.278625
6.400000,2.237633,2.212410,2.343536,2.304574
6.500000,2.238964,2.207350,2.343546,2.307980
6.600000,2.228661,2.184385,2.282554,2.302512
6.700000,2.227209,2.220541,2.292849,2.307571
6.800000,3.264910,2.209599,2.334309,2.304847
6.900000,2.232944,2.171188,2.278497,2.239887
7.000000,2.217143,2.205995,2.316097,2.290356
7.100000,2.208181,2.191405,2.319633,2.301365
7.200000,2.195844,2.211035,2.329330,2.310706
7.300000,2.216070,2.205341,2.324944,2.254861
7.400000,3.328448,2.203886,2.297798,2.323797
7.500000,2.216182,2.203922,2.336169,2.296152
7.600000,2.248055,2.223176,2.330579,2.245850
7.700000,2.271424,2.214559,2.346586,2.283581
7.800000,3.240069,2.226502,2.337807,2.299396
7.900000,2.251742,2.252679,2.325467,2.247883
8.000000,2.276431,2.222168,2.302548,2.194172
8.100000,2.263381,2.250447,2.366656,2.227083
8.200000,2.278846,2.227834,2.342827,2.217826
8.300000,2.233283,2.219746,2.353782,2.217007
8.400000,2.256888,2.204817,2.309102,2.240110
8.500000,2.223055,2.217472,2.324047,2.222095
8.600000,2.247229,2.220556,2.333951,2.172513
8.700000,2.189714,2.229013,2.275192,2.177854
8.800000,2.167296,2.210752,2.283433,2.254555
8.900000,2.206710,2.212950,2.316216,2.290510
9.000000,2.222098,2.216923,2.305312,2.253591
9.100000,2.267115,2.225138,2.295954,2.254527
9.200000,2.247535,2.270716,2.350616,2.222608
9.300000,2.212789,2.237611,2.378806,2.200268
9.400000,2.210309,2.235135,2.358454,2.179454
9.500000,2.223014,2.246445,2.377167,2.220257
9.600000,2.235524,2.266588,2.328214,2.237720
9.700000,2.233446,2.238646,2.307309,2.225785
9.800000,2.226971,2.234815,3.467297,2.182415
9.900000,2.191626,2.218038,2.380165,2.208467
10.000000,2.194749,2.209836,3.438841,2.164735
10.100000,2.206524,2.217512,2.302000,2.176257
10.200000,2.194977,2.240407,2.358246,2.153116
10.300000,2.190844,2.225284,3.383134,2.213424
10.400000,2.167624,2.243161,3.370463,2.209413
10.500000,2.203768,2.228396,2.328665,2.228246
10.600000,2.217954,2.254643,3.433069,2.210799
10.700000,2.245983,2.225415,2.320304,2.244449
10.800000,3.258336,2.238701,2.334580,2.244431
10.900000,3.179093,2.233176,2.299865,2.236558
11.000000,2.232784,2.219577,2.383662,2.239129
11.100000,2.251229,2.208891,2.306522,2.232888
11.200000,2.263039,2.215954,2.296646,2.223741
11.300000,2.247295,2.250463,2.316301,2.232143
11.400000,2.270999,2.252752,2.332191,2.194311
11.500000,2.269444,2.228724,3.498290,2.220427
11.600000,2.238073,2.269130,2.253514,2.241759
11.700000,2.263201,2.241535,2.250136,2.227670
11.800000,2.240182,2.258468,2.226816,2.265992
11.900000,2.209298,2.263728,2.248055,2.207673
12.000000,2.242234,2.240571,2.249230,2.226583
12.100000,2.228764,2.235963,2.236318,2.243538
12.200000,2.224044,2.217748,2.264572,2.241761
12.300000,2.233141,2.248972,2.214583,2.278879
12.400000,2.232826,2.264413,2.224954,2.258769
12.500000,2.268401,2.243877,2.234657,2.275301
12.600000,2.249347,2.216201,2.259596,2.243442
12.700000,2.208722,2.230310,3.476633,2.260599
12.800000,2.219324,2.233847,2.230663,2.267391
12.900000,2.184451,2.241750,3.344756,2.235371
13.000000,2.223412,2.234344,2.226402,2.233566
13.100000,2.247248,2.203935,3.379781,2.245460
13.200000,2.267101,2.212739,2.236407,2.245991
13.300000,2.247747,2.257683,2.252917,2.262183
13.400000,2.235273,2.249387,3.585511,2.227833
13.500000,2.208595,2.242463,2.217015,2.226935
13.600000,2.242620,2.232790,2.212479,2.255652
13.700000,2.232562,2.275231,2.201179,2.237362
13.800000,2.203233,2.272482,2.193988,2.229742
13.900000,2.174430,2.259800,2.192324,2.232650
14.000000,2.209584,2.260604,2.201839,2.230592
14.100000,2.214587,2.261357,2.197119,2.237359
14.200000,2.220234,2.234517,2.227114,2.226133
14.300000,2.191393,2.242824,2.198356,2.226763
14.400000,2.227551,2.260392,3.358825,2.221920
14.500000,2.223689,2.245839,3.464878,2.215754
14.600000,2.200717,2.224496,3.467616,2.231704
14.700000,2.229965,2.199082,2.175794,2.217441
14.800000,2.240705,2.200619,2.180929,2.227076
14.900000,2.244127,2.168972,2.238439,2.226737
15.000000,2.258429,2.175329,2.187004,2.244659
15.100000,2.263603,2.194833,2.195608,2.251384
15.200000,2.216705,2.172805,2.211067,2.233068
15.300000,2.241739,2.182293,2.154823,2.233835
15.400000,2.204088,2.211511,2.173466,2.223422
15.500000,2.268344,3.247706,2.192835,2.248642
15.600000,2.248949,2.191029,2.223224,2.224446
15.700000,2.241064,2.174443,2.177655,2.255509
15.800000,2.237299,2.217067,2.177632,2.247328
15.900000,2.265523,2.258100,2.236074,2.252332
16.000000,2.244246,2.208190,2.241175,2.261160
16.100000,2.261105,2.213822,2.197225,2.235501
16.200000,2.247260,2.234087,2.218672,2.223726
16.300000,2.251774,2.224820,2.212820,2.231947
16.400000,2.266250,2.234484,2.203715,2.238216
16.500000,2.265484,2.234853,2.179162,2.240863
16.600000,2.262438,2.233178,2.196618,2.244837
16.700000,2.252807,2.266088,2.215013,2.242041
16.800000,2.252342,2.256574,2.234980,2.228824
16.900000,2.230824,2.281321,2.278537,2.268248
17.000000,2.222422,2.275787,2.232879,2.234010
17.100000,2.257086,2.239218,2.231863,2.246004
17.200000,2.209635,2.267602,2.257089,2.204965
17.300000,2.200855,2.229352,2.241937,2.185859
17.400000,2.238518,2.247318,2.261928,2.222337
17.500000,2.228228,2.247633,2.237971,2.252389
17.600000,2.256966,2.249589,2.258229,2.247513
17.700000,2.259647,2.250262,2.253487,2.258549
17.800000,2.268092,2.265576,2.216165,2.250225
17.900000,2.254405,2.243294,2.215349,2.238598
18.000000,2.226397,2.232497,2.293460,2.206165
18.100000,2.246904,2.244587,2.314115,2.240112
18.200000,2.239864,2.242491,2.303053,2.236962
18.300000,2.229178,2.230191,3.378726,2.240938
18.400000,2.227896,2.256904,3.398352,2.238754
18.500000,2.241288,2.248580,2.210874,2.223557
18.600000,2.234235,2.220087,2.245951,2.187779
18.700000,2.195922,2.213085,2.244198,2.243266
18.800000,2.249570,2.197960,2.249398,2.253409
18.900000,2.209345,2.226299,2.295553,2.293675
19.000000,2.175728,2.242404,2.276993,2.287776
19.100000,2.129072,2.226936,2.282189,2.289850
19.200000,2.172416,2.251931,2.299000,2.233202
19.300000,2.175056,2.261817,2.296843,2.212777
19.400000,2.161334,2.225767,2.279567,2.268708
19.500000,2.175799,2.231118,2.285407,2.262612
19.600000,2.161083,2.214696,2.298169,2.274816
19.700000,2.173187,2.247226,2.295867,2.265217
19.800000,2.142389,2.231801,2.271381,2.268253
19.900000,2.214578,2.212751,2.284246,2.204669
20.000000,2.197200,2.231004,2.267479,2.255908
20.100000,2.169688,2.230185,2.282806,2.223912
20.200000,2.183652,2.244666,2.302621,2.243270
20.300000,2.189551,2.216965,2.322574,2.248586
20.400000,2.222194,2.259167,3.334248,2.240797
20.500000,2.188919,2.222756,2.354653,2.225935
20.600000,2.214041,2.223975,2.350175,2.246938
20.700000,2.210293,2.200715,2.316904,2.196579
20.800000,2.204978,2.232245,2.349556,2.230523
20.900000,2.225298,2.211197,2.328577,2.239686
21.000000,2.202141,2.203961,3.482596,2.190384
21.100000,2.199461,2.249508,2.297547,2.220687
21.200000,2.182484,2.244217,2.284428,2.236888
21.300000,2.209111,2.211489,2.296115,2.226603
21.400000,2.183463,2.220325,2.238053,2.230299
21.500000,2.201727,2.220484,2.229897,2.282554
21.600000,2.192020,2.249137,2.251763,2.246336
21.700000,2.210586,2.228247,2.275827,2.275330
21.800000,2.210896,2.226170,2.310556,2.248848
21.900000,2.189054,2.218010,2.248759,2.269747
22.000000,2.158161,2.210356,2.308623,2.274559
22.100000,2.175928,2.233678,2.302460,2.312386
22.200000,2.204189,2.229618,2.311690,2.268827
22.300000,2.204853,2.266960,2.272687,2.267383
22.400000,2.234668,2.249624,2.271979,2.266996
22.500000,2.225936,2.236379,2.292447,2.252022
22.600000,2.189561,2.229862,2.303271,2.207770
22.700000,2.192005,2.236687,2.305590,2.193283
22.800000,2.215904,2.212308,2.304045,2.199512
22.900000,2.209449,2.209959,2.276544,2.223367
23.000000,2.192220,2.206683,2.226551,2.237845
23.100000,2.215674,2.252076,2.235805,2.220591
23.200000,2.190045,2.269960,2.281279,2.207738
23.300000,2.176733,2.268878,2.255326,2.219472
23.400000,2.183827,2.257381,2.271182,2.250911
23.500000,2.182459,2.227528,2.265540,2.197937
23.600000,2.220236,2.231157,2.281418,2.216777
23.700000,2.199411,2.259319,2.250088,2.231594
23.800000,2.210366,2.262157,2.234310,2.203972
23.900000,2.207317,2.250903,2.257599,2.178720
24.000000,2.234861,2.254122,2.266142,2.226524
24.100000,2.201499,2.256486,2.250912,2.218170
24.200000,2.205846,2.274362,2.273126,2.179258
24.300000,2.210415,2.225235,2.253583,2.194321
24.400000,2.212498,2.208937,2.228733,2.171041
24.500000,2.218098,2.255969,2.257214,2.181309
24.600000,2.160982,2.205510,2.257850,2.164967
24.700000,2.143773,2.223676,2.252330,2.190400
24.800000,2.127615,2.218836,2.234389,2.190940
24.900000,2.159507,2.231364,3.590908,2.144706
25.000000,2.160999,2.222165,2.224363,2.193504
25.100000,2.208328,2.259616,3.598504,2.147805
25.200000,2.163813,2.258503,3.361188,2.199086
25.300000,2.184387,2.220992,3.335074,2.225535
25.400000,2.136414,2.240924,3.364191,2.195168
25.500000,2.136961,2.225714,3.444767,2.196880
25.600000,2.117461,3.486262,3.473991,2.209710
25.700000,2.129622,3.448013,3.468861,2.209117
25.800000,2.126445,3.387174,3.371992,2.233993
25.900000,2.165095,2.250755,3.382871,2.197057
26.000000,2.154499,2.243367,3.421395,2.195822
26.100000,2.142302,2.275505,3.448843,2.182209
26.200000,2.174871,2.251593,2.249321,2.162225
26.300000,2.188759,2.260559,2.212520,2.179402
26.400000,2.122820,2.260673,3.569641,2.200407
26.500000,2.134058,2.237327,3.526343,2.212370
26.600000,2.133198,2.257568,3.483690,2.160907
26.700000,2.133823,2.279536,3.503947,2.194732
26.800000,2.110409,2.256052,3.478993,2.199559
26.900000,2.128631,2.236264,3.577962,2.234084
27.000000,2.133121,2.225330,2.248789,2.206858
27.100000,2.156220,2.248233,3.632909,2.205355
27.200000,2.125651,2.254482,3.583066,2.206664
27.300000,2.116303,2.235049,3.640394,2.225622
27.400000,2.132870,2.250039,3.610605,2.243659
27.500000,2.099299,2.244631,2.236081,2.228184
27.600000,2.133016,2.269425,3.641155,2.255602
27.700000,2.110906,2.270676,2.211069,2.250766
27.800000,2.144290,2.269943,2.210044,2.259516
27.900000,2.152821,2.270020,3.832070,2.266866
28.000000,2.134068,2.231626,2.235657,2.219737
28.100000,2.129447,2.259331,2.201252,2.224102
28.200000,2.152841,2.267453,3.869089,2.168653
28.300000,2.152117,2.255343,2.192629,2.200140
28.400000,2.118598,2.279800,2.183430,2.233016
28.500000,2.126123,2.260233,2.197646,2.275280
28.600000,2.136225,2.244176,2.200377,2.267375
28.700000,2.137564,2.254121,2.217263,2.213682
28.800000,2.175715,2.250535,2.219012,2.198441
28.900000,2.175618,2.251974,2.276024,2.215449
29.000000,2.198802,2.249705,2.248893,2.191130
29.100000,2.157694,2.225962,2.239205,2.161036
29.200000,2.166511,2.234789,2.206122,2.171535
29.300000,2.181095,2.209074,2.222106,2.210369
29.400000,2.147303,2.245404,2.207824,2.188932
29.500000,2.164382,2.242851,2.176712,2.207374
29.600000,2.174005,2.212686,2.185486,2.239302
29.700000,2.169174,2.248995,2.204525,2.246631
29.800000,2.182742,2.210767,2.224379,2.223942
29.900000,2.193133,2.235630,2.240451,2.196902
30.000000,2.160916,2.253475,2.209931,2.219154
30.100000,2.184195,2.236206,2.221391,2.250436
30.200000,2.189319,2.220350,2.224967,2.243345
30.300000,2.222372,2.253566,2.224070,2.207484
30.400000,2.223689,2.230745,2.241525,2.186671
30.500000,2.211378,2.240534,2.230884,2.233153
30.600000,2.213408,2.223791,2.263920,2.227681
30.700000,2.238551,2.236078,2.227831,2.226775
30.800000,2.191961,2.221641,2.236595,2.239720
30.900000,2.219088,2.200325,2.258205,2.228240
31.000000,2.241626,2.243220,2.227407,2.227483
31.100000,2.241584,2.238290,2.223529,2.232635
31.200000,2.205882,2.235245,2.248991,2.243574
31.300000,2.223130,2.218362,2.247248,2.264535
31.400000,2.208610,2.231408,2.222912,2.257010
31.500000,2.236536,2.220976,2.231808,2.235436
31.600000,2.223189,2.255706,2.246854,2.241302
31.700000,2.206822,2.231002,2.233694,2.246798
31.800000,2.167125,2.201211,2.254942,2.176227
31.900000,2.158645,2.232059,2.204720,2.226412
32.000000,2.171077,2.203681,2.188769,2.218967
32.100000,2.194365,2.162915,2.184430,2.260496
32.200000,2.262037,2.177993,2.208055,2.250210
32.300000,2.270645,2.180346,2.226325,2.211935
32.400000,2.265749,2.198085,2.194081,2.240891
32.500000,2.302077,2.218317,2.190851,2.274254
32.600000,2.304711,2.244982,2.202731,2.242456
32.700000,2.297579,2.217937,2.206061,2.237813
32.800000,2.304942,2.242602,2.217426,2.234364
32.900000,2.300060,2.207758,2.215949,2.220299
33.000000,2.306332,2.227202,2.228736,2.225099
33.100000,2.285944,2.228053,2.231046,2.262639
33.200000,2.334171,2.241530,2.209651,2.228602
33.300000,2.331204,2.240353,2.224569,2.206762
33.400000,2.292373,2.211165,2.240433,2.234476
33.500000,2.254947,2.239096,2.251227,2.259007
33.600000,2.315897,2.252913,2.262355,2.226516
33.700000,2.309404,2.249316,2.245127,2.242912
33.800000,2.301764,2.254124,2.272506,2.262293
33.900000,2.301558,2.237056,2.273450,2.216854
34.000000,2.307400,2.271379,2.270479,2.189742
34.100000,2.300522,2.234523,2.277838,2.217967
34.200000,2.302308,2.229416,2.293316,2.229423
34.300000,2.266584,2.216023,2.266703,2.229190
34.400000,2.292112,2.247511,2.263417,2.209012
34.500000,2.215712,2.216529,2.243542,2.219207
34.600000,2.234643,2.195436,2.237845,2.245014
34.700000,2.207242,2.223492,2.251737,2.216740
34.800000,2.222473,2.244687,2.210124,2.213271
34.900000,2.216449,2.224617,2.221794,2.169487
35.000000,2.218700,2.217661,2.241520,2.179607
35.100000,2.178428,2.226125,2.241645,2.210129
35.200000,2.204194,2.233909,2.229656,2.204802
35.300000,2.140354,2.216711,2.195112,2.193617
35.400000,2.168630,2.200912,2.229432,2.200730
35.500000,2.140136,2.218233,2.215256,2.191392
35.600000,2.164478,2.196667,2.209895,2.204485
35.700000,2.187779,2.206035,2.233067,2.208449
35.800000,2.207593,2.203674,2.241372,2.221382
35.900000,2.159241,2.245406,2.265410,2.247347
36.000000,2.196711,2.182505,2.263337,2.260837
36.100000,2.169279,2.217252,2.234383,2.200818
36.200000,2.187057,2.214337,2.273602,2.217085
36.300000,2.122984,2.222414,2.292717,2.193707
36.400000,2.188043,2.193744,2.295990,2.228313
36.500000,2.201927,2.195267,2.278235,2.209322
36.600000,2.172832,2.203683,2.261121,2.218288
36.700000,2.199943,2.223845,2.253187,2.245196
36.800000,2.215803,2.215032,2.240735,2.227758
36.900000,2.218968,2.195126,2.178621,2.224255
37.000000,2.174749,2.219091,2.185012,2.182993
37.100000,2.140687,2.197477,2.193876,2.179781
37.200000,2.127935,2.201216,2.158312,2.193912
37.300000,2.104011,2.185009,2.173637,2.213634
37.400000,2.125889,2.219550,2.200400,2.227264
37.500000,2.104085,2.207472,2.188833,2.194039
37.600000,2.138107,2.191888,2.181856,2.207330
37.700000,3.591266,2.191292,2.191054,2.210341
37.800000,2.145883,2.204046,2.216805,2.241317
37.900000,2.134214,2.214389,3.492415,2.207529
38.000000,2.191424,2.196093,2.148161,2.218341
38.100000,2.190552,2.212544,3.508808,2.193521
38.200000,2.205289,2.185061,3.440926,2.207023
38.300000,2.156733,2.182709,3.420868,2.222321
38.400000,2.161537,2.215684,3.406886,2.201005
38.500000,2.142614,2.194089,3.403088,2.185826
38.600000,2.105129,2.243188,3.378448,2.190749
38.700000,2.134776,2.209860,2.209307,2.208411
38.800000,2.231191,2.205264,3.344750,2.191633
38.900000,2.210828,2.236042,2.197636,2.221245
39.000000,2.155985,2.224355,3.367270,2.200488
39.100000,3.555417,2.213414,2.194718,2.199808
39.200000,2.133413,2.234421,2.190789,2.197466
39.300000,2.141503,2.208786,2.182551,2.222806
39.400000,2.124043,2.229080,2.173289,2.166350
39.500000,2.091113,2.199799,3.436268,2.206677
39.600000,2.149605,2.212115,3.453819,2.195625
39.700000,2.126615,2.203322,3.470632,2.183161
39.800000,2.149347,2.234778,2.160768,2.196919
39.900000,2.116303,2.200232,2.134001,2.223602
40.000000,2.102346,2.170061,2.141879,2.205611
40.100000,2.119946,2.218527,3.418193,2.204336
40.200000,2.127656,2.203525,2.148955,2.172975
40.300000,2.115957,2.209528,3.416510,2.208115
40.400000,2.137472,2.217238,3.507161,2.222460
40.500000,2.141364,2.191239,3.409665,2.204456
40.600000,2.135963,2.203290,3.414953,2.225982
40.700000,2.167777,2.207167,3.530255,2.211820
40.800000,2.156757,2.217015,3.492333,2.222070
40.900000,2.133354,2.200830,3.452623,2.212564
41.000000,2.085083,2.191929,2.134742,2.192997
41.100000,2.116748,2.213722,2.174770,2.208614
41.200000,2.116061,2.170682,3.488554,2.252445
41.300000,2.103042,2.166349,2.191899,2.200475
41.400000,2.119436,2.200668,3.517705,2.222638
41.500000,2.150412,2.213450,3.557562,2.185995
41.600000,2.177616,2.172236,2.179668,2.215513
41.700000,2.111007,2.185277,2.159938,2.222107
41.800000,2.083064,2.193714,2.161124,2.191886
41.900000,2.098542,2.197909,2.165996,2.211314
42.000000,2.131537,2.200778,2.145752,2.226043
42.100000,2.097752,2.211594,2.136519,2.223734
42.200000,2.107510,2.211254,2.166391,2.225626
42.300000,3.829106,2.226061,2.157975,2.252789
42.400000,2.119214,2.224486,2.154282,2.217313
42.500000,2.120831,2.196505,2.132366,2.234066
42.600000,2.120932,2.199158,2.149526,2.231556
42.700000,2.116751,2.207460,2.186753,2.226720
42.800000,2.123904,2.183911,2.169144,2.229100
42.900000,2.126385,2.199634,2.184520,2.272281
43.000000,2.122155,2.202351,2.208347,2.239247
43.100000,2.157736,2.196887,2.182671,2.217321
43.200000,2.156131,2.203864,2.178689,2.259769
43.300000,2.118590,2.195170,2.153679,2.224461
43.400000,2.079765,2.220892,2.161542,2.201392
43.500000,2.094927,2.208946,2.156073,2.206753
43.600000,2.085716,2.201197,2.155782,2.209504
43.700000,2.086277,2.194394,2.144929,2.248548
43.800000,2.077107,2.213665,2.164515,2.207121
43.900000,2.108183,2.199703,2.142740,2.219279
44.000000,2.143098,2.201081,2.153282,2.228763
44.100000,2.155526,2.205442,2.167392,2.229564
44.200000,2.089697,2.200655,2.153095,2.240118
44.300000,2.110280,2.196089,2.138457,2.244937
44.400000,2.142949,2.198342,2.155118,2.233356
44.500000,2.171324,2.201917,2.139107,2.235079
44.600000,2.168076,2.216431,2.130482,2.252712
44.700000,2.200810,2.206594,2.128952,2.203751
44.800000,2.156312,2.212327,2.115097,2.213701
44.900000,2.141051,2.225671,2.116556,2.219557
45.000000,2.140271,2.241436,2.126063,2.243736
45.100000,2.161708,2.237936,2.140420,2.242431
45.200000,2.165985,2.200943,2.124717,2.233390
45.300000,2.176913,2.195543,2.129498,2.242332
45.400000,2.136996,2.206463,2.141044,2.263181
45.500000,2.182834,2.219254,2.134101,2.233083
45.600000,2.168353,2.228845,2.144390,2.245602
45.700000,2.160074,2.206895,2.138815,2.210227
45.800000,2.118109,2.180732,2.116394,2.237926
45.900000,2.160182,2.198714,2.116860,2.220579
46.000000,2.116817,2.220403,2.139844,2.229339
46.100000,2.128568,2.204833,2.124070,2.201899
46.200000,2.168811,2.203871,2.150323,2.253798
46.300000,2.153480,2.223124,2.120037,2.247754
46.400000,2.155940,2.209531,2.119640,2.271619
46.500000,2.187839,2.198982,2.120097,2.296499
46.600000,2.162123,2.208189,2.129231,2.233457
46.700000,2.148701,2.189571,2.143378,2.219468
46.800000,2.167462,2.198932,2.143988,2.249744
46.900000,2.117605,2.217444,2.140972,2.218324
47.000000,2.120768,2.133935,2.120690,2.251385
47.100000,2.125371,2.111131,2.127825,2.249065
47.200000,2.119257,2.145721,2.148643,2.260329
47.300000,2.126639,2.184085,2.140687,2.236111
47.400000,2.182498,2.182436,2.133252,2.206187
47.500000,2.175611,2.177945,2.125022,2.250388
47.600000,2.195110,2.182200,2.129941,2.183817
47.700000,2.130206,2.162342,2.149679,2.230725
47.800000,2.175941,2.178919,2.120662,2.238223
47.900000,2.145495,2.199037,2.139921,2.237219
48.000000,2.158560,2.156739,2.145520,2.254251
48.100000,2.153359,2.133289,2.154365,2.200430
48.200000,2.129373,2.138902,2.138113,2.222950
48.300000,2.122457,2.157676,2.125492,2.208325
48.400000,2.094985,2.150644,2.156542,2.258222
48.500000,2.119072,2.149211,2.128330,2.245257
48.600000,2.090694,2.165009,2.183620,2.235544
48.700000,2.085275,2.180466,2.141141,2.207963
48.800000,2.069293,2.185057,2.172165,2.245021
48.900000,2.116368,2.136515,2.149122,2.205478
49.000000,2.130769,2.168401,2.163442,2.225029
49.100000,2.125101,2.146366,2.145072,2.245124
49.200000,2.175790,2.176333,2.151466,2.203211
49.300000,2.123584,2.182615,2.149235,2.214746
49.400000,2.146050,2.150825,3.944901,2.188045
49.500000,2.123406,2.147881,2.170543,2.201889
49.600000,2.152105,2.156980,2.155680,2.254880
49.700000,2.123627,2.166669,2.164864,2.251590
49.800000,2.161884,2.174884,2.177016,2.235491
49.900000,2.167609,2.166454,2.189972,2.238169
50.000000,2.199620,2.190788,2.165812,2.244657
50.100000,2.154978,2.182226,2.156733,2.246809
50.200000,2.127367,2.175826,2.137924,2.278569
50.300000,2.114011,2.150602,2.157390,2.267615
50.400000,2.139122,2.169988,2.150322,2.238836
50.500000,2.137899,2.163379,2.166929,2.286722
50.600000,2.145550,2.191557,2.186656,2.272193
50.700000,2.149550,2.212151,2.166811,2.221336
50.800000,2.150559,2.184456,2.163593,2.228806
50.900000,2.160726,2.180089,2.146365,2.247536
51.000000,2.208913,2.203893,2.158458,2.228808
51.100000,2.200656,2.196688,2.152475,2.232625
51.200000,2.224400,2.202746,2.150750,2.244032
51.300000,2.211930,2.212056,2.167061,2.215528
51.400000,2.210881,2.206964,2.137447,2.175026
51.500000,2.167463,2.169641,2.160508,2.189271
51.600000,2.172340,2.179699,3.849974,2.132826
51.700000,2.204031,2.197970,3.917942,2.173294
51.800000,2.226881,2.184111,3.987930,2.198509
51.900000,2.185280,2.187019,3.950100,2.195962
52.000000,2.218405,2.183405,2.170244,2.225197
52.100000,2.228582,2.188585,3.859663,2.233090
52.200000,2.242908,2.206949,3.839034,2.224067
52.300000,2.229650,2.198590,3.929480,2.187947
52.400000,2.213715,2.154803,3.957911,2.232658
52.500000,2.243726,2.143366,4.027462,2.266899
52.600000,2.160926,2.149422,3.992462,2.234340
52.700000,2.141882,2.146229,4.036810,2.233845
52.800000,2.142454,2.121734,2.184601,2.264495
52.900000,2.140423,2.189681,4.066763,2.234517
53.000000,2.198130,2.166969,2.156828,2.255292
53.100000,2.210772,2.181914,2.144214,2.268692
53.200000,2.181488,2.178825,2.170312,2.215882
53.300000,2.146178,2.194037,2.162392,2.264180
53.400000,2.168250,2.185211,2.147523,2.248925
53.500000,2.128245,2.181688,3.953347,2.212699
53.600000,2.130010,2.199780,3.889310,2.198570
53.700000,2.139855,2.196085,3.835743,2.219616
53.800000,2.164819,2.170230,3.777163,2.215534
53.900000,2.207588,2.188338,3.649185,2.235932
54.000000,2.206962,2.143193,3.711302,2.276704
54.100000,2.175148,2.201468,3.708861,2.242114
54.200000,2.162552,2.177704,3.747730,2.238822
54.300000,2.146477,2.166435,3.709830,2.224741
54.400000,2.159934,2.193250,3.776985,2.214799
54.500000,2.143307,2.204031,3.785868,2.227055
54.600000,2.154593,2.168509,3.689379,2.244962
54.700000,2.142648,2.188608,3.714985,2.256819
54.800000,2.149145,2.192126,3.765250,2.240764
54.900000,2.221084,2.171556,3.697729,2.243893
55.000000,2.188787,2.193885,3.650666,2.246949
55.100000,2.203200,2.189154,3.574620,2.219067
55.200000,2.155260,2.171973,3.529538,2.231344
55.300000,2.211294,2.178988,3.512946,2.213308
55.400000,2.180422,2.188156,3.487581,2.239943
55.500000,2.226747,2.170658,3.546306,2.247298
55.600000,2.249884,2.181888,3.548723,2.245733
55.700000,2.225513,2.201261,3.583647,2.220102
55.800000,2.207362,2.225657,3.528530,2.260983
55.900000,2.217763,2.202079,3.492563,2.258247
56.000000,2.189192,2.230201,3.477880,2.276642
56.100000,2.228253,2.244106,3.453135,2.264222
56.200000,2.228734,2.196080,3.504730,2.251244
56.300000,2.212812,2.171861,3.503877,2.221347
56.400000,2.225990,2.188768,3.489911,2.226951
56.500000,2.229797,2.223872,3.536524,2.251127
56.600000,2.202020,2.212191,3.530023,2.265187
56.700000,2.146854,3.604703,3.393111,2.258478
56.800000,2.195517,2.207314,3.400490,2.241622
56.900000,2.189283,2.193215,3.360420,2.247200
57.000000,2.173271,2.195239,3.393536,2.252859
57.100000,2.137250,2.190086,3.439116,2.247676
57.200000,2.133660,2.188941,3.431040,2.229036
57.300000,2.139307,2.185124,3.495769,2.228901
57.400000,2.131611,2.163715,3.455544,2.209549
57.500000,2.155786,2.175818,3.474307,2.227387
57.600000,2.113303,2.188742,3.442955,2.204366
57.700000,2.183239,2.151675,3.416651,2.254780
57.800000,2.184562,2.176253,3.431987,2.224853
57.900000,2.129090,2.161603,3.438035,2.222691
58.000000,2.181800,2.207351,3.432308,2.242697
58.100000,2.205700,2.186107,3.377880,2.228129
58.200000,2.280399,3.457287,3.356941,2.224282
58.300000,2.205319,2.198000,3.396504,2.228891
58.400000,2.227070,2.178560,3.450814,2.241702
58.500000,2.209392,2.193668,3.437021,2.250532
58.600000,2.202486,2.190482,3.567003,2.209486
58.700000,2.204910,2.178831,3.546880,2.216263
58.800000,2.245586,2.176206,3.653355,2.226533
58.900000,2.236083,2.178967,3.695370,2.211244
59.000000,2.251891,2.172568,3.648421,2.269108
59.100000,2.232663,2.165682,3.596770,2.257750
59.200000,2.254776,2.205855,3.664863,2.239263
59.300000,2.282295,2.202268,2.164712,2.231013
59.400000,2.249759,2.192865,3.666965,2.224876
59.500000,2.272086,2.210471,3.736749,2.253983
59.600000,2.282923,2.182408,3.636272,2.228801
59.700000,2.234657,2.192616,3.658820,2.258839
59.800000,2.209560,2.205195,3.585646,2.218005
59.900000,2.231313,2.204345,3.545161,2.198583
60.000000,2.169140,2.209903,3.516832,2.206202
60.100000,2.180026,2.195666,3.551542,2.224016
60.200000,2.197478,2.212127,3.459440,2.238805
60.300000,2.175292,2.224494,3.455144,2.249827
60.400000,2.168397,2.210498,3.447791,2.267295
60.500000,2.166316,2.200737,3.441283,2.248818
60.600000,2.181411,2.191130,3.456522,2.259630
60.700000,2.188217,2.209509,3.422011,2.242600
60.800000,2.176484,2.195819,3.436285,2.267556
60.900000,2.174839,2.218186,3.478502,2.218749
61.000000,2.200857,2.216642,3.584940,2.246585
61.100000,2.175560,2.206836,3.574394,2.302738
61.200000,2.194029,2.215909,3.563604,2.275942
61.300000,2.215844,2.196305,3.613919,2.279866
61.400000,2.211083,2.222361,3.614377,2.299596
61.500000,2.179565,2.219167,3.640916,2.253307
61.600000,2.195614,2.184746,3.657825,2.246321
61.700000,2.181195,2.205487,3.610386,2.284694
61.800000,2.208150,2.190128,2.140977,2.216363
61.900000,2.232346,2.248380,3.628704,2.237881
62.000000,2.248661,2.237438,2.163384,2.264424
62.100000,2.251214,2.247673,3.824903,2.248761
62.200000,2.238125,2.234438,2.149479,2.251447
62.300000,2.220469,2.199130,2.139565,2.233684
62.400000,2.212133,2.226792,3.719178,2.259778
62.500000,2.246897,2.205064,3.695514,2.259678
62.600000,2.196399,2.200791,2.134023,2.261355
62.700000,2.191535,2.231819,2.152406,2.266576
62.800000,2.140938,2.196242,3.758595,2.284315
62.900000,2.212933,2.202363,3.715342,2.240224
63.000000,2.244239,2.191896,3.681468,2.245751
63.100000,2.216136,2.217526,3.777883,2.253742
63.200000,2.235664,2.200999,2.135257,2.297030
63.300000,2.242510,2.218438,2.145978,2.277287
63.400000,2.197537,2.247587,2.156005,2.275713
63.500000,2.238006,2.190582,3.686841,2.272914
63.600000,2.225851,2.220390,3.655358,2.237315
63.700000,2.222803,2.216367,2.170547,2.197501
63.800000,2.236367,2.218223,3.597806,2.235646
63.900000,2.224600,2.196219,2.156065,2.209719
64.000000,2.187492,2.197592,3.544428,2.201210
64.100000,2.208441,2.241697,3.567481,2.202817
64.200000,2.187306,2.229367,3.676655,2.174074
64.300000,2.195131,2.220635,3.593441,2.196629
64.400000,2.198889,2.197360,3.644165,2.256409
64.500000,2.202247,2.231928,3.633369,2.194072
64.600000,2.184974,2.211391,3.579530,2.239938
64.700000,2.185554,2.211272,3.610894,2.235609
64.800000,2.183687,2.238102,3.672209,2.185203
64.900000,2.210747,2.209610,3.696296,2.227411
65.000000,2.188173,2.206346,3.576576,2.266440
65.100000,2.171750,2.197742,3.569397,2.226060
65.200000,2.197351,2.218450,3.582139,2.249449
65.300000,2.218828,2.224520,3.564295,2.210110
65.400000,2.220875,2.275372,3.475068,2.222803
65.500000,2.179811,2.238479,3.503005,2.257568
65.600000,2.196649,2.254666,3.412443,2.271102
65.700000,2.180359,2.260356,3.416961,2.257769
65.800000,2.176212,2.226381,3.360168,2.303999
65.900000,2.180819,2.225326,3.385247,2.248853
66.000000,2.243009,2.229233,3.432506,2.243628
66.100000,2.193932,2.248273,3.514058,2.222028
66.200000,2.191698,2.232066,3.531527,2.202467
66.300000,2.203495,2.239062,3.512091,2.235619
66.400000,2.206549,2.261712,3.577615,2.219690
66.500000,2.175243,2.271606,2.137990,2.222896
66.600000,2.197821,2.262850,2.156314,2.216556
66.700000,2.195570,2.271479,3.561453,2.219559
66.800000,2.182588,2.260040,3.519516,2.223498
66.900000,2.215252,2.249958,2.161834,2.272107
67.000000,2.196985,2.263530,2.120554,2.290598
67.100000,2.185500,2.277025,3.553702,2.324163
67.200000,2.182261,2.270218,2.139620,2.253772
67.300000,2.183314,2.270300,2.145843,2.251706
67.400000,2.165143,2.271962,2.161330,2.330258
67.500000,2.157912,2.273028,3.537970,2.308661
67.600000,2.170596,2.257865,2.153372,2.253994
67.700000,2.148686,2.253620,2.154689,2.301216
67.800000,2.177074,2.256303,2.169467,2.302498
67.900000,2.187066,2.265877,3.537513,2.287700
68.000000,2.206173,2.256597,3.532623,2.300556
68.100000,2.193284,2.255036,2.123731,2.328660
68.200000,2.193722,2.191341,3.535785,2.351083
68.300000,2.204798,2.202380,2.127301,2.317961
68.400000,2.204357,2.243926,2.137675,2.272758
68.500000,2.220252,2.243089,2.150658,2.252934
68.600000,2.206282,2.246961,2.131997,2.286404
68.700000,2.211981,2.265565,2.163608,2.271663
68.800000,2.216030,2.253375,2.148926,4.055555
68.900000,2.192593,2.266793,2.158370,4.128082
69.000000,2.198757,2.231838,3.395712,2.244953
69.100000,2.173501,2.232885,3.348006,2.306875
69.200000,2.182019,2.240094,3.356293,2.265596
69.300000,2.227837,2.215567,3.395819,2.249173
69.400000,2.172604,2.274397,3.386945,2.271957
69.500000,2.208287,2.221322,2.127507,2.235660
69.600000,2.209617,2.249682,3.365199,2.213533
69.700000,2.179248,2.239343,3.337694,2.229443
69.800000,2.215229,2.223756,3.344317,2.222153
69.900000,2.196957,2.228306,3.347079,2.263224
70.000000,2.201766,2.225864,3.341020,2.258779
70.100000,2.186917,2.280374,3.347979,2.286806
70.200000,2.213019,2.239793,3.401938,2.306586
70.300000,2.186014,2.276602,3.413732,2.308626
70.400000,2.179725,2.262782,3.395347,2.262002
70.500000,2.175107,2.241689,2.127362,2.255423
70.600000,2.170698,2.213943,3.378548,2.245070
70.700000,2.190921,2.196663,3.380989,2.270679
70.800000,2.196276,2.239139,3.387120,2.301240
70.900000,2.190444,2.228384,3.401291,2.306652
71.000000,2.203638,2.253061,3.337052,2.227988
71.100000,2.192742,2.205438,3.349337,2.263906
71.200000,2.194613,2.188323,3.372241,2.258131
71.300000,2.212853,2.180668,3.363508,2.250269
71.400000,2.189057,2.221188,3.375266,2.224474
71.500000,2.195403,2.220439,2.132089,2.210172
71.600000,2.204528,2.217911,2.130919,2.214050
71.700000,2.204592,2.210774,2.128839,2.199411
71.800000,2.229485,2.224876,2.122252,2.275834
71.900000,2.222782,2.172527,3.357371,2.254962
72.000000,2.206784,2.156151,3.368654,2.235977
72.100000,2.166250,2.152803,2.093948,2.201957
72.200000,2.200565,2.139884,2.131503,2.242123
72.300000,2.216002,2.190898,2.106991,2.223552
72.400000,2.205914,2.180227,3.411771,2.219123
72.500000,2.172653,2.221808,3.434947,2.211283
72.600000,2.178428,2.192070,3.426377,2.205021
72.700000,2.206396,2.214691,3.468019,2.145377
72.800000,2.195901,2.206028,3.422574,2.152952
72.900000,2.195474,2.203007,2.118529,2.154850
73.000000,2.203350,2.223257,2.125077,2.138917
73.100000,2.201007,2.242126,2.130787,2.153332
73.200000,2.186809,2.211392,2.110273,2.234185
73.300000,2.182481,2.194225,2.100602,2.353316
73.400000,2.208025,2.200792,2.096606,2.240015
73.500000,2.199557,2.206281,2.132130,2.281122
73.600000,2.197994,2.191053,3.404468,2.255743
73.700000,2.204674,2.176728,2.125415,3.921098
73.800000,2.204326,2.154108,3.402451,3.782239
73.900000,2.198786,2.178383,2.133269,3.728186
74.000000,2.218634,2.213164,2.120406,3.764156
74.100000,2.217432,2.187876,2.121770,3.816184
74.200000,2.193188,2.241985,2.131916,3.713102
74.300000,2.203420,2.269297,2.123854,3.600310
74.400000,2.209268,2.272306,2.116511,3.688757
74.500000,2.195612,2.164460,2.130010,3.583467
74.600000,2.210571,2.137030,2.131095,3.672165
74.700000,2.167556,2.177445,2.132339,3.582906
74.800000,2.180525,2.145425,2.134868,3.499410
74.900000,2.176022,2.123632,2.124808,3.488513
75.000000,2.192468,2.145114,2.133892,3.563501
75.100000,2.195639,2.163647,3.382428,3.457731
75.200000,2.198813,2.133952,2.117271,3.520099
75.300000,2.203381,3.754906,2.107503,3.524360
75.400000,2.203058,3.690465,2.138882,3.586780
75.500000,2.173972,3.736601,2.120399,3.582567
75.600000,2.152084,2.169411,2.107540,3.686317
75.700000,2.175082,3.735527,2.108874,3.834204
75.800000,2.186888,3.694032,2.145836,3.821736
75.900000,2.188198,3.591780,2.130135,2.263236
76.000000,2.183708,3.603156,2.113215,3.669014
76.100000,2.199438,3.585531,2.140732,3.657468
76.200000,2.170006,3.492649,2.131978,3.765544
76.300000,2.200179,3.583555,2.149330,3.672763
76.400000,2.186002,2.195282,2.159395,3.557874
76.500000,2.193276,2.186318,2.134799,3.508343
76.600000,2.211884,3.704062,2.149492,3.515439
76.700000,2.206477,3.619739,2.137752,3.640188
76.800000,2.189204,3.744479,2.124791,3.886829
76.900000,2.203132,2.199268,2.128683,3.782924
77.000000,2.201207,2.176210,2.107294,3.746073
77.100000,2.183291,2.187860,2.126262,3.906097
77.200000,2.186375,3.853024,2.110276,3.968192
77.300000,2.197681,3.691414,2.141610,4.144113
77.400000,2.192803,3.709631,2.159185,2.356203
77.500000,2.184128,3.691867,2.129141,4.174821
77.600000,2.179515,3.688215,2.155535,4.160621
77.700000,2.195659,3.645004,2.151109,4.147585
77.800000,2.193143,3.697960,2.147474,2.349102
77.900000,2.209810,2.207746,2.149182,4.183596
78.000000,2.200767,2.221030,2.134689,4.147755
78.100000,2.217242,2.229112,2.148266,4.336318
78.200000,2.215323,3.759051,2.190036,2.332791
78.300000,2.197642,2.198196,3.357040,2.366008
78.400000,2.206549,2.170497,3.381934,2.375050
78.500000,2.183764,2.173867,3.344256,4.298965
78.600000,2.172584,2.188309,3.351505,4.323502
78.700000,2.178896,2.219400,3.383092,2.325151
78.800000,2.185680,2.224878,3.380213,2.307940
78.900000,2.175247,2.214350,3.367241,4.290046
79.000000,2.196035,2.238389,3.384034,2.227302
79.100000,2.187740,3.910365,3.389321,2.245861
79.200000,2.170016,2.243546,3.378496,4.346130
79.300000,2.190848,2.239423,3.362414,4.236438
79.400000,2.172684,2.224626,3.379682,4.141782
79.500000,2.189141,2.235391,3.377620,4.303427
79.600000,2.170462,2.223162,2.134464,2.297155
79.700000,2.181465,2.242928,3.347466,2.291340
79.800000,2.189383,2.244171,3.303683,2.313626
79.900000,2.178025,2.256441,2.183241,2.308527
80.000000,2.191358,2.228819,3.304109,2.279276
80.100000,2.186715,2.198538,3.301621,2.299352
80.200000,2.178137,2.237425,3.292551,2.358649
80.300000,2.186819,2.207075,3.301561,2.385034
80.400000,2.201990,2.239939,3.277400,2.389619
80.500000,2.199068,2.216836,3.306800,2.389177
80.600000,2.151958,2.217535,3.293363,2.336879
80.700000,2.204998,2.185847,3.314531,2.350750
80.800000,2.212000,2.236832,3.382565,2.370211
80.900000,2.165038,2.240443,3.390094,2.345751
81.000000,2.190731,2.212213,3.379332,2.332592
81.100000,2.160317,2.211698,3.362472,2.371956
81.200000,2.209493,2.231921,2.138203,2.347158
81.300000,2.234895,2.233431,2.146167,2.388868
81.400000,2.190064,2.232274,2.130330,2.371368
81.500000,2.163083,2.225738,3.475619,2.484513
81.600000,2.189139,2.231487,3.424815,2.487619
81.700000,2.161754,2.244224,3.435916,2.458604
81.800000,2.219754,2.269432,3.445294,2.460772
81.900000,2.176004,2.224941,2.110418,2.417972
82.000000,2.205883,2.220667,2.122836,2.453415
82.100000,2.211817,2.229229,2.144776,2.476426
82.200000,2.194026,2.258978,2.135602,2.477011
82.300000,2.194698,2.258951,2.144536,2.496670
82.400000,2.185580,2.305617,2.136024,2.467732
82.500000,2.180769,2.269982,2.130821,2.433250
82.600000,2.217939,2.279018,2.120315,2.445707
82.700000,2.175954,2.312059,2.123284,2.439583
82.800000,2.173956,2.325387,2.129588,2.403841
82.900000,2.165065,2.351202,2.123256,2.331680
83.000000,2.211225,2.308949,3.531178,2.487861
83.100000,2.205899,2.306503,3.565700,2.497215
83.200000,2.201624,2.312395,3.541660,2.474923
83.300000,2.191772,2.304700,3.533071,2.544939
83.400000,2.189003,2.285943,3.477087,2.406022
83.500000,2.196853,2.315640,2.123202,2.447633
83.600000,2.228110,2.307660,2.147243,2.529247
83.700000,2.197645,2.321750,2.137153,2.398562
83.800000,2.184986,2.327152,2.126041,2.293054
83.900000,2.188077,2.327456,2.133516,2.320244
84.000000,2.181291,2.321541,2.138058,2.303090
84.100000,2.206617,2.302305,3.571295,2.251790
84.200000,2.193408,2.291747,3.457167,2.255902
84.300000,2.181540,2.301589,3.439383,2.248624
84.400000,2.176389,2.320385,3.414599,2.279610
84.500000,2.193820,2.296180,3.430874,2.267856
84.600000,2.187290,2.293465,3.414675,2.253695
84.700000,2.223846,2.329995,3.410885,2.344019
84.800000,2.216217,2.348030,3.408217,2.314666
84.900000,2.196877,2.314953,3.431745,2.324579
85.000000,2.185362,2.324086,3.418946,2.358037
85.100000,2.205886,2.324179,3.422391,2.267627
85.200000,2.179492,2.310065,3.421143,2.293783
85.300000,2.194864,2.301304,3.405557,2.289312
85.400000,2.212187,2.308914,3.379438,2.220285
85.500000,2.203568,2.339724,3.393785,2.237625
85.600000,2.181713,2.325443,3.388487,2.244595
85.700000,2.180852,3.294074,3.398051,2.310722
85.800000,2.198142,2.303005,3.441335,2.231032
85.900000,2.182331,2.315735,3.423944,2.194456
86.000000,2.200678,2.343355,3.410723,2.227325
86.100000,2.163891,2.296218,3.430708,2.198558
86.200000,2.172780,2.329674,3.497443,2.222639
86.300000,2.183612,2.327002,3.446865,2.159218
86.400000,2.180670,2.311437,3.467938,2.184724
86.500000,2.176967,2.294882,3.474622,2.176611
86.600000,2.187704,3.292572,3.430379,2.178260
86.700000,2.193293,2.298354,3.460209,2.199880
86.800000,2.183790,3.316272,3.454244,2.156607
86.900000,2.169738,3.397758,3.490433,2.146223
87.000000,2.188633,3.378416,3.523579,2.143970
87.100000,2.163686,2.325942,3.495454,2.128611
87.200000,2.181213,2.331728,3.511931,2.109937
87.300000,2.184016,2.269491,3.539439,2.099077
87.400000,2.160738,2.296130,3.546075,2.097505
87.500000,2.184299,2.261895,3.554124,2.085703
87.600000,2.189207,2.289689,3.519339,2.088472
87.700000,2.158963,2.332291,3.578632,2.047007
87.800000,2.173610,2.294190,3.556360,2.113608
87.900000,2.173047,2.293807,2.115583,2.154372
88.000000,2.179531,2.300650,2.129426,2.186689
88.100000,2.186973,2.280237,3.718163,2.180561
88.200000,2.197078,2.306382,2.113572,2.156089
88.300000,2.194536,2.296743,2.132303,2.153520
88.400000,2.195681,3.195927,2.118896,2.141191
88.500000,2.193408,2.315444,2.128610,2.164465
88.600000,2.202696,3.199807,3.732797,2.169790
88.700000,2.212646,2.283419,3.689339,2.156363
88.800000,2.187776,2.291185,2.127907,2.137324
88.900000,2.198424,2.304094,2.163135,2.119386
89.000000,2.173615,2.294708,2.135198,2.091520
89.100000,2.191169,2.308960,2.143503,2.108346
89.200000,2.220047,2.319599,2.157153,2.150804
89.300000,2.207413,2.307766,2.154490,2.241903
89.400000,2.182247,2.346011,2.133648,2.248987
89.500000,2.209747,2.318686,2.138534,2.206290
89.600000,2.219772,2.332864,2.152020,2.277924
89.700000,2.203254,2.312232,2.125020,2.331369
89.800000,2.200399,2.328351,2.133387,2.349329
89.900000,2.221016,2.293649,2.140789,2.460937
90.000000,2.220143,2.296065,2.160211,2.377672
90.100000,2.212684,2.281819,2.129784,2.434999
90.200000,2.201546,2.292572,2.117416,2.395925
90.300000,2.212324,2.286710,2.148924,2.422283
90.400000,2.199548,2.318510,2.150195,2.333558
90.500000,2.180068,2.330300,2.170892,2.323798
90.600000,2.189265,2.315414,2.154858,2.303095
90.700000,2.169247,2.314131,2.145014,2.324083
90.800000,2.205170,2.305660,2.144289,2.406434
90.900000,2.162455,2.278467,2.129292,2.408707
91.000000,2.206987,2.304356,2.137720,2.386404
91.100000,2.187083,2.340504,2.117683,2.452395
91.200000,2.176095,2.310241,2.111966,2.396258
91.300000,2.165285,2.325857,2.104194,2.441294
91.400000,2.170399,2.298362,2.109632,2.474239
91.500000,2.195731,2.302584,2.136513,2.520756
91.600000,2.217250,2.302820,2.129309,2.621484
91.700000,2.197082,2.324530,2.116394,2.813526
91.800000,2.205068,2.300503,2.130990,2.677817
91.900000,2.195284,2.317084,2.092247,2.764025
92.000000,2.184352,2.326657,2.129361,2.649681
92.100000,2.189563,2.341332,2.143527,2.568656
92.200000,2.206718,2.304636,2.135965,2.906904
92.300000,2.215128,2.351016,2.139353,2.928840
92.400000,2.186481,2.335753,2.117118,2.812131
92.500000,2.222021,2.328945,2.129960,2.733939
92.600000,2.206439,2.359270,2.132816,2.853445
92.700000,2.190541,2.313135,3.776317,2.826393
92.800000,2.176474,2.292011,3.729905,2.833275
92.900000,2.206780,2.321857,2.108934,2.920533
93.000000,2.184936,2.322615,2.129838,2.960164
93.100000,2.195486,2.310796,2.128533,2.846449
93.200000,2.204545,2.362467,2.153890,2.983028
93.300000,2.217841,2.325585,2.145964,2.877600
93.400000,2.207764,2.304509,2.151912,2.719985
93.500000,2.184610,2.323752,2.142249,2.681659
93.600000,2.195354,2.317543,2.148861,2.593332
93.700000,2.228051,2.312788,2.160926,2.574447
93.800000,2.179570,2.295946,2.119787,2.622827
93.900000,2.216720,2.274956,2.107190,2.638797
94.000000,2.189612,2.316445,2.122862,2.545822
94.100000,2.185390,2.314605,2.090436,2.425546
94.200000,2.194117,2.292124,2.092134,2.376683
94.300000,2.199751,2.338272,2.091456,2.426105
94.400000,2.189629,2.306842,2.102293,2.372378
94.500000,2.192055,2.318209,2.128622,2.374706
94.600000,2.178639,2.329143,2.127204,2.466082
94.700000,2.178067,2.339551,2.137452,2.487319
94.800000,2.180537,2.355911,2.124955,2.539979
94.900000,2.199733,2.344445,2.129503,2.526463
95.000000,2.214347,2.374695,2.146496,2.549500
95.100000,2.184229,2.356714,2.162427,2.542202
95.200000,2.240149,2.365108,2.130137,2.504549
95.300000,2.237841,2.356868,2.145971,2.485968
95.400000,2.260445,2.389848,2.148820,2.459469
95.500000,2.207230,2.355674,2.140227,2.436826
95.600000,2.171446,2.318946,2.152843,2.436221
95.700000,2.223161,2.341837,2.152516,2.432768
95.800000,2.234194,2.330683,2.173558,2.439643
95.900000,2.223259,2.331833,2.179539,2.466444
96.000000,2.194622,2.307817,2.156375,2.437688
96.100000,2.212683,2.325455,2.145297,2.423884
96.200000,2.207859,2.284237,2.178561,2.430196
96.300000,2.184819,2.294074,2.178035,2.424632
96.400000,2.186237,2.292655,2.174346,2.450861
96.500000,2.208902,2.281319,2.170141,2.414669
96.600000,2.209138,2.269984,2.143569,2.348297
96.700000,2.167342,2.284905,2.135287,2.436340
96.800000,2.190631,2.277412,2.143945,2.430253
96.900000,2.171545,2.277724,2.128041,2.421033
97.000000,2.160095,2.262354,2.146139,2.412508
97.100000,2.149145,2.279902,2.150699,2.443907
97.200000,2.171911,2.255426,2.159776,2.444721
97.300000,2.144384,2.292393,2.152069,2.465934
97.400000,2.150181,2.313770,2.159531,2.433879
97.500000,2.143724,2.293090,2.149237,2.426806
97.600000,2.141054,2.303270,2.149230,2.413131
97.700000,2.149284,2.318042,2.153432,2.431127
97.800000,2.141752,2.315432,2.152954,2.412532
97.900000,2.194607,2.316165,2.144393,2.388399
98.000000,2.230540,3.736733,2.161890,2.403751
98.100000,2.192766,2.325482,2.154602,2.366192
98.200000,2.237089,2.326038,2.136806,2.347378
98.300000,2.224601,2.318598,2.151709,2.405557
98.400000,2.182660,2.319556,2.157002,2.322455
98.500000,2.179285,2.310893,2.172025,2.329110
98.600000,2.189630,2.327128,2.165190,2.346189
98.700000,2.138706,2.326805,2.168797,2.313377
98.800000,2.180908,2.303603,2.162264,2.332671
98.900000,2.201500,2.306091,2.155599,2.341575
99.000000,2.196830,2.334732,2.152802,2.353312
99.100000,2.215787,2.301051,2.143894,2.360150
99.200000,2.227809,2.326322,2.162428,2.363694
99.300000,2.226703,2.320345,2.170823,2.357851
99.400000,2.260784,2.344415,2.160235,2.362459
99.500000,2.201586,2.355413,2.163952,2.348113
99.600000,2.145424,2.360062,2.159322,2.372219
99.700000,2.181296,2.351391,2.157627,2.368453
99.800000,2.217883,2.334512,2.155167,2.387189
99.900000,2.173030,2.331697,2.142894,2.437173
100.000000,2.184738,2.319516,2.179235,2.386497
100.100000,2.214669,2.334653,2.169492,2.393605
100.200000,2.172857,2.344159,2.176273,2.370703
100.300000,2.203786,2.361142,2.170713,2.420709
100.400000,2.202823,2.317261,2.154062,2.417797
100.500000,2.183414,2.328557,2.168321,2.430259
100.600000,2.177849,2.317710,2.174461,2.408306
100.700000,2.145591,3.727531,2.161107,2.358699
100.800000,2.156384,2.339551,2.172193,2.382251
100.900000,2.188044,2.323889,2.182591,2.365041
101.000000,2.197636,2.319306,2.160983,2.317251
101.100000,2.174903,2.317442,2.147092,2.303406
101.200000,2.198118,2.275537,2.149718,2.398856
101.300000,2.147299,2.299063,2.195700,2.351211
101.400000,2.161576,2.289066,2.174693,2.362909
101.500000,2.123185,2.295817,2.134720,2.328280
101.600000,2.180521,2.294501,2.139939,2.341681
101.700000,2.121896,2.292496,2.181859,2.316972
101.800000,2.176941,2.310225,2.161000,2.298048
101.900000,2.164762,2.279862,2.176838,2.358133
102.000000,2.173573,2.310126,2.150939,2.357743
102.100000,2.168651,2.279951,2.153348,2.405026
102.200000,2.195140,2.304789,4.047400,2.385292
102.300000,2.195007,2.296102,2.180020,2.413120
102.400000,2.195647,2.288246,2.149649,2.368675
102.500000,2.181857,2.289344,2.160679,2.374098
102.600000,2.162351,2.283081,2.179550,2.382393
102.700000,2.165201,2.294407,2.149820,2.401433
102.800000,2.160947,2.287601,2.153168,2.378268
102.900000,2.134586,2.300621,2.180942,2.357322
103.000000,2.162804,2.291497,2.195513,2.401979
103.100000,2.115891,2.320413,2.234716,2.358960
103.200000,2.161111,3.850314,2.205653,2.328945
103.300000,2.144373,3.858301,2.170053,2.344528
103.400000,2.150333,2.274478,2.147855,2.342869
103.500000,2.143820,2.283368,2.182746,2.340240
103.600000,2.201570,3.807138,2.153974,2.322970
103.700000,2.184125,3.797177,3.619780,2.377198
103.800000,2.173904,3.707429,2.149164,2.448216
103.900000,2.175219,2.316962,2.147506,2.413491
104.000000,2.171031,2.270034,2.139299,2.460592
104.100000,2.170395,3.766603,2.126434,2.394651
104.200000,2.143731,3.762721,2.130843,2.415138
104.300000,2.196007,3.765619,2.112113,2.388544
104.400000,2.164593,3.729767,2.136737,2.321626
104.500000,2.215940,3.739442,3.600602,2.350364
104.600000,2.210569,3.731082,2.167331,2.342453
104.700000,2.200298,2.256431,2.178816,2.339489
104.800000,2.202978,3.725514,3.449097,2.372139
104.900000,2.176050,3.806162,3.488370,2.378196
105.000000,2.172106,3.777061,3.410331,2.326009
105.100000,2.184022,3.723280,3.406890,2.309475
105.200000,2.164099,3.623385,3.410825,2.406904
105.300000,2.171901,3.513758,3.395061,2.379552
105.400000,2.177647,3.500827,3.375393,2.401625
105.500000,2.176521,3.376463,3.375675,2.418766
105.600000,2.180140,3.364002,3.368708,2.420444
105.700000,2.184918,3.324775,3.406760,2.396052
105.800000,2.176700,3.297718,3.431035,2.381803
105.900000,2.189263,3.266222,3.420736,2.360227
106.000000,2.189527,3.320860,3.377391,2.383859
106.100000,2.177759,3.303550,3.317827,2.413717
106.200000,2.185069,3.258285,3.340961,2.407500
106.300000,2.172949,3.322357,3.370530,2.436254
106.400000,2.172387,3.281391,3.394988,2.403965
106.500000,2.223337,3.304785,3.443942,2.422628
106.600000,2.209548,3.329899,3.411954,2.420432
106.700000,2.195309,3.312206,3.399104,2.435347
106.800000,2.161069,3.303671,2.216726,2.415779
106.900000,2.192143,3.275947,3.384888,2.436843
107.000000,2.180601,3.321477,3.376539,2.459113
107.100000,2.177729,3.434010,3.388518,2.441992
107.200000,2.178988,2.314257,3.452930,2.412468
107.300000,2.196050,2.328183,3.518295,2.453231
107.400000,2.205604,2.334657,3.428939,2.354105
107.500000,2.205935,2.334529,3.487899,2.305181
107.600000,2.139169,2.312383,3.466417,2.348395
107.700000,2.215487,2.337842,3.426651,2.334224
107.800000,2.163886,2.326375,3.388633,2.332636
107.900000,2.158880,2.321411,3.338600,2.335318
108.000000,2.120543,2.311832,3.388859,2.365702
108.100000,2.166412,2.322908,3.436988,2.371241
108.200000,2.208845,3.358383,3.371882,2.428973
108.300000,2.245661,3.395243,2.200373,2.365190
108.400000,2.241394,3.296275,2.180040,2.345527
108.500000,2.260290,2.341101,3.333361,2.327191
108.600000,2.242081,3.279055,3.347919,2.363370
108.700000,2.219414,2.318520,3.323051,2.367268
108.800000,2.241370,3.329995,3.359843,2.400606
108.900000,2.268100,3.367105,3.348880,2.317248
109.000000,2.219720,3.365098,3.358276,2.312653
109.100000,2.234040,3.300038,3.361794,2.306895
109.200000,2.259506,3.356289,3.382717,2.324948
109.300000,2.249012,3.472914,3.372035,2.329752
109.400000,2.220805,3.430720,3.318978,2.336414
109.500000,2.256388,2.348598,3.331522,2.285107
109.600000,2.255518,3.458298,3.345995,2.324123
109.700000,2.230616,3.424771,3.365174,2.357444
109.800000,2.189146,3.530569,3.354635,2.333950
109.900000,2.215359,3.516241,2.179625,2.346006
110.000000,2.210732,3.443375,3.340130,2.331164
110.100000,2.232232,2.321516,3.302566,2.331930
110.200000,2.203505,2.327350,3.310776,2.316000
110.300000,2.241794,2.312054,2.173653,2.301915
110.400000,2.224059,2.289661,3.394498,2.311852
110.500000,2.189806,2.265973,3.401670,2.367491
110.600000,2.121019,2.268802,3.409895,2.326911
110.700000,2.139828,2.277978,3.411630,2.294305
110.800000,2.141954,2.290243,3.376098,2.342323
110.900000,2.142231,2.291391,3.347679,2.349217
111.000000,2.197039,2.275975,3.356248,2.366183
111.100000,2.213239,2.273256,3.340665,2.393566
111.200000,2.187336,2.278914,3.328591,2.475315
111.300000,2.165933,2.263447,3.376085,2.479776
111.400000,2.156036,2.277233,2.133672,2.476820
111.500000,2.143904,2.258540,2.149013,2.466808
111.600000,2.149914,2.219070,2.173302,2.490294
111.700000,2.173563,2.236972,2.130133,2.488371
111.800000,2.177317,3.306845,2.160638,2.490048
111.900000,2.114352,2.270720,2.157387,2.476033
112.000000,2.151447,3.334925,2.164089,2.498519
112.100000,2.182267,3.292145,2.169094,2.509505
112.200000,2.184757,3.235919,2.177291,2.507856
112.300000,2.181267,3.212809,2.173656,2.477023
112.400000,2.194919,3.211244,2.186463,2.479365
112.500000,2.188977,3.187059,2.199753,2.502423
112.600000,2.194550,3.234190,2.177279,2.473008
112.700000,2.171028,3.182416,2.164695,2.405276
112.800000,2.194721,3.245101,2.170764,2.494131
112.900000,2.178038,3.256267,2.185600,2.449064
113.000000,2.119026,3.285760,2.174607,2.474274
113.100000,2.129479,3.283038,2.152951,2.516871
113.200000,2.133711,3.352843,2.170247,2.452634
113.300000,2.146271,3.355159,2.149194,2.441326
113.400000,2.128590,3.242130,2.168127,2.479635
113.500000,2.133076,3.221286,2.166640,2.509315
113.600000,2.114308,3.241280,2.200527,2.506424
113.700000,2.154678,3.215910,2.177024,2.548157
113.800000,2.109106,3.259480,2.180458,2.501912
113.900000,2.152656,3.171837,2.172661,2.475413
114.000000,2.166687,3.186822,2.185147,2.532871
114.100000,2.154375,3.199037,2.151881,2.442697
114.200000,2.153456,3.267700,2.161825,2.467722
114.300000,2.133272,3.259577,2.145192,2.551106
114.400000,2.088413,3.332005,2.162844,2.522128
114.500000,2.135428,3.234004,2.168148,2.554774
114.600000,2.139086,3.268224,2.170405,2.535600
114.700000,2.149399,3.289731,2.139321,2.516323
114.800000,2.172862,3.172818,2.155025,2.473350
114.900000,2.202873,3.194659,2.165231,2.486303
115.000000,2.211938,3.193707,2.157532,2.505060
115.100000,2.219737,3.221792,2.163954,2.479080
115.200000,2.203280,3.252889,2.170263,2.490958
115.300000,2.215144,3.236000,2.188107,2.518930
115.400000,2.181920,3.339859,2.178204,2.504521
115.500000,2.205630,3.321794,2.180669,2.513935
115.600000,2.165835,3.354365,2.171105,2.562798
115.700000,2.161569,3.418818,2.160314,2.589405
115.800000,2.194842,2.245778,2.181226,2.627188
115.900000,2.238223,2.235096,2.157653,2.570895
116.000000,2.223958,2.267323,2.156002,2.568051
116.100000,2.181402,2.272641,2.158899,2.431512
116.200000,2.196642,2.268445,2.147448,2.382596
116.300000,2.218593,2.215858,2.123283,2.388408
116.400000,2.197275,2.290889,2.136721,2.426663
116.500000,2.163215,2.202282,2.147793,2.493544
116.600000,2.162854,2.203423,2.168168,2.562684
116.700000,2.171820,2.184624,2.149467,2.545255
116.800000,2.148967,2.149367,2.156074,2.555963
116.900000,2.172057,2.157637,2.143638,2.546563
117.000000,2.137140,2.185650,2.157601,2.559924
117.100000,2.148628,2.185608,2.165579,2.588154
117.200000,2.136244,2.186697,2.162033,2.590713
117.300000,2.128460,2.211391,2.171109,2.602254
117.400000,2.184327,2.195483,2.173967,2.558881
117.500000,2.230430,2.196702,2.150400,2.593955
117.600000,2.201361,2.184589,2.154292,2.591890
117.700000,2.175513,2.187493,3.418443,2.544360
117.800000,2.196235,2.156660,2.168470,2.532568
117.900000,2.188001,2.095203,2.136644,2.538846
118.000000,2.204466,2.159557,2.175278,2.541126
118.100000,2.181176,2.214250,3.410089,2.543745
118.200000,2.200030,2.218840,3.477190,2.579961
118.300000,2.199023,2.192713,2.170248,2.573339
118.400000,2.221317,2.138776,3.537696,2.617951
118.500000,2.182907,2.171051,3.478059,2.594187
118.600000,2.164887,2.178295,3.510426,2.574019
118.700000,2.167185,2.150640,2.185191,2.537613
118.800000,2.154988,2.147561,2.169099,2.550212
118.900000,2.180771,2.045038,3.534173,2.577477
119.000000,2.169588,2.043387,3.492559,2.566213
119.100000,2.188830,2.055104,3.476158,2.602494
119.200000,2.146786,2.073986,3.531385,2.623806
119.300000,2.164211,2.092983,3.503773,2.575299
119.400000,2.161744,2.067209,3.546860,2.656933
119.500000,2.141836,2.086869,3.521339,2.718825
119.600000,2.179219,2.104825,3.598975,2.620023
119.700000,2.156075,2.074437,3.550166,2.646228
119.800000,2.143663,2.026669,3.678106,2.592456
119.900000,2.182909,1.985497,3.668864,2.652459
120.000000,2.186433,1.979967,3.686108,2.647106
120.100000,2.152340,1.968807,3.635931,2.600636
120.200000,2.182931,1.973510,3.571465,2.600467
120.300000,2.198444,1.975325,3.532661,2.562600
120.400000,2.218607,1.957929,3.544934,2.541651
120.500000,2.253328,1.991509,3.561980,2.481455
120.600000,2.228763,1.978126,3.477781,2.552330
120.700000,2.215199,1.962955,3.503205,2.514552
120.800000,2.180209,1.975656,3.492249,2.561219
120.900000,2.195515,1.974863,3.388875,2.588179
121.000000,2.175941,1.990840,3.398343,2.568923
121.100000,2.148703,1.972507,3.436479,3.152053
121.200000,2.193701,1.958683,3.463684,2.584810
121.300000,2.165847,1.970833,3.420856,2.591477
121.400000,2.181605,1.998205,3.428806,2.586626
121.500000,2.157464,1.982426,3.456080,2.536235
121.600000,2.181283,1.978232,3.495166,2.522322
121.700000,2.161768,1.981792,3.548453,2.571542
121.800000,2.146667,1.966651,3.619492,2.560791
121.900000,2.174037,1.996441,3.627914,2.543471
122.000000,2.204176,1.978363,3.608789,2.581284
122.100000,2.194998,1.973691,3.611795,2.547358
122.200000,2.122035,1.994374,3.673131,2.523728
122.300000,2.119830,1.988164,3.636103,2.519268
122.400000,2.124178,1.979209,2.162693,2.523568
122.500000,2.102377,1.977160,3.651273,2.557045
122.600000,2.102899,2.001346,2.146719,2.562169
122.700000,2.095314,2.011694,3.618823,2.523464
122.800000,2.101330,2.041723,3.614379,2.515828
122.900000,2.125149,2.045310,2.139229,2.561429
123.000000,2.131294,2.079310,2.150850,2.549928
123.100000,2.106748,2.027729,2.166689,2.531072
123.200000,2.103718,2.021995,2.162868,2.501936
123.300000,2.105062,2.037446,2.176724,2.490183
123.400000,2.158314,2.031704,2.164477,2.516386
123.500000,2.168873,2.028739,2.154521,2.473894
123.600000,2.182091,1.990465,3.852597,2.509356
123.700000,2.184854,1.948673,2.182306,2.498801
123.800000,2.175814,2.001391,2.164827,2.528121
123.900000,2.164583,1.991344,2.171174,2.532004
124.000000,2.156531,1.987409,2.185554,2.537099
124.100000,2.133314,1.991186,3.693978,2.521987
124.200000,2.138236,1.988595,2.177202,2.511148
124.300000,2.162995,1.974612,2.152884,2.488970
124.400000,2.173521,1.973217,2.174507,2.489503
124.500000,2.165126,1.965665,2.165755,2.483371
124.600000,2.174958,1.975091,3.788477,2.522842
124.700000,2.210503,1.989588,3.788930,2.517250
124.800000,2.204956,1.986311,3.726089,2.508078
124.900000,2.187264,1.964101,2.176797,2.532067
125.000000,2.219663,1.991310,2.180308,2.535442
125.100000,2.216559,1.957230,2.182031,2.532429
125.200000,2.188165,1.952348,2.175020,2.506655
125.300000,2.201326,1.965130,2.184893,2.504502
125.400000,2.205584,1.965089,2.184528,2.519458
125.500000,2.194909,1.944131,2.170470,2.501017
125.600000,2.190221,1.975083,2.189748,2.558026
125.700000,2.216137,1.967907,2.209021,2.518677
125.800000,2.202923,1.987208,2.173750,2.550377
125.900000,2.189014,1.972346,2.163107,2.524287
126.000000,2.174204,1.969295,2.173898,2.558126
126.100000,2.169406,1.967513,2.184489,2.574772
126.200000,2.167453,1.975884,2.186754,2.495402
126.300000,2.100881,1.977368,2.179476,2.523135
126.400000,2.123451,1.966332,3.888569,2.520339
126.500000,2.106153,1.958793,3.875129,2.534766
126.600000,2.136644,1.968502,2.179610,2.511028
126.700000,2.122621,1.965197,2.199684,2.517381
126.800000,2.122180,1.972880,3.886317,2.477775
126.900000,2.129446,1.952755,3.771453,2.512382
127.000000,2.102225,1.976050,2.171676,2.526057
127.100000,2.086308,1.964662,2.176312,2.565953
127.200000,2.136298,1.978445,2.201344,2.545011
127.300000,2.144350,1.984444,2.189766,2.525613
127.400000,2.135513,2.007922,2.166501,2.517682
127.500000,2.119997,1.981205,2.177308,2.535079
127.600000,2.160160,1.996545,2.163176,2.555370
127.700000,2.148992,1.988509,2.182395,2.514026
127.800000,2.132396,2.012648,2.152806,2.507807
127.900000,2.113455,1.977216,2.187768,2.483486
128.000000,2.123823,1.992871,2.174235,2.488577
128.100000,2.100372,2.023725,2.159343,2.497434
128.200000,2.108064,2.031415,2.160000,2.496274
128.300000,2.135316,2.020393,2.146411,2.530443
128.400000,2.113252,2.050148,2.164507,2.525328
128.500000,2.133286,2.017560,2.180804,2.515316
128.600000,2.158160,2.023171,2.201393,2.516623
128.700000,2.118588,2.005659,2.173476,2.508754
128.800000,2.119783,2.014896,2.198463,2.572086
128.900000,2.126240,2.032948,2.186205,2.543416
129.000000,2.122220,2.070584,2.185744,2.546253
129.100000,2.104155,2.052403,2.163370,2.568221
129.200000,2.117012,2.034793,2.177191,2.563850
129.300000,2.163246,2.017130,2.174728,2.562074
129.400000,2.176981,2.018084,2.175928,2.560296
129.500000,2.163777,2.017354,2.164491,2.549135
129.600000,2.136950,1.997589,2.168610,2.518450
129.700000,2.149505,2.014693,2.174256,2.520274
129.800000,2.127579,2.013183,2.163691,2.510085
129.900000,2.132859,2.002341,2.173080,2.507301
130.000000,2.118245,1.991758,2.154814,2.508500
130.100000,2.139606,2.007669,2.201032,2.531195
130.200000,2.140476,1.992876,2.177576,2.503077
130.300000,2.124358,2.000294,2.211824,2.515416
130.400000,2.102912,2.001343,2.191957,2.504607
130.500000,2.056307,1.989540,2.200890,2.538125
130.600000,2.074364,1.975132,2.176129,2.534425
130.700000,2.092975,1.991919,2.180185,2.542034
130.800000,2.120320,1.988579,2.187649,2.533343
130.900000,2.123033,1.984265,2.149207,2.546853
131.000000,2.164222,1.980999,2.204467,2.532391
131.100000,2.121344,1.977118,2.217074,2.561864
131.200000,2.157478,2.013280,2.201491,2.558127
131.300000,2.080325,2.010923,2.257614,2.511236
131.400000,2.074835,2.010052,2.230647,2.552616
131.500000,2.045753,2.012354,2.198226,2.519976
131.600000,2.033416,2.012245,2.198426,2.554961
131.700000,2.035285,1.992505,2.227941,2.535903
131.800000,2.028204,2.006768,2.227425,2.503536
131.900000,2.052129,2.005323,2.220263,2.514815
132.000000,2.039863,2.005768,2.179837,2.532274
132.100000,2.082833,1.999276,2.202570,2.547655
132.200000,2.064247,2.009063,2.214723,2.525769
132.300000,2.046159,1.988415,2.228207,2.542476
132.400000,2.085740,1.992070,2.225081,2.527601
132.500000,2.079201,1.981629,2.223119,2.540342
132.600000,2.061972,1.990485,2.230262,2.544435
132.700000,2.083561,1.997375,2.249659,2.550043
132.800000,2.095268,1.966244,2.224239,2.520506
132.900000,2.051272,1.991321,2.262080,2.491350
133.000000,2.083140,1.977583,2.222518,2.512384
133.100000,2.055703,2.016996,2.239029,2.540103
133.200000,2.087435,2.016238,2.252908,2.552210
133.300000,2.100627,2.036389,2.211780,2.594221
133.400000,2.133391,2.009890,2.248219,2.581285
133.500000,2.097802,2.009738,2.247225,2.513605
133.600000,2.104361,2.003621,2.245254,2.505867
133.700000,2.089803,2.015176,2.248987,2.569871
133.800000,2.071308,2.016597,2.246030,2.546543
133.900000,2.081893,2.007896,2.247895,2.532986
134.000000,2.072593,1.999752,2.263050,2.528387
134.100000,2.051695,2.020753,2.251188,2.512982
134.200000,2.092312,2.003016,2.235489,2.513035
134.300000,2.077151,2.043790,2.233376,2.510427
134.400000,2.074062,2.051734,2.235876,2.477096
134.500000,2.070415,2.028957,2.211920,2.495453
134.600000,2.060801,2.013109,2.241005,2.517846
134.700000,2.040339,2.026852,2.254540,2.525887
134.800000,2.068312,2.028166,2.239095,2.550029
134.900000,2.072901,2.030595,2.238292,2.499457
135.000000,2.074870,2.014988,2.245364,2.486214
135.100000,2.070713,2.022447,2.238760,2.494532
135.200000,2.071321,2.032911,2.214782,2.492972
135.300000,2.055113,2.029477,2.198016,2.532061
135.400000,2.053739,2.062893,2.174765,2.527901
135.500000,2.095316,2.074394,2.163738,2.517841
135.600000,2.078304,2.038704,2.164487,2.524581
135.700000,2.058706,2.012818,2.171461,2.528757
135.800000,2.067325,1.982392,2.210520,2.562943
135.900000,2.087733,2.023548,2.198035,2.556670
136.000000,2.064903,1.997258,2.189976,2.536059
136.100000,2.074280,1.997389,2.212196,2.537260
136.200000,2.062063,2.024358,2.198963,2.590763
136.300000,2.071757,2.002667,2.198152,2.742840
136.400000,2.064085,2.025037,2.230901,2.853526
136.500000,2.099881,1.998953,2.243127,2.730542
136.600000,2.094630,2.035484,2.219871,2.590653
136.700000,2.103343,2.013550,2.220520,2.539632
136.800000,2.108323,2.039338,2.195211,2.434858
136.900000,2.110698,2.045351,2.207290,2.421259
137.000000,2.080695,2.028437,2.184904,2.404041
137.100000,2.076796,2.022086,2.193978,2.405233
137.200000,2.087046,2.042911,2.203475,2.423225
137.300000,2.124469,2.025837,2.219302,2.410708
137.400000,2.058111,2.015592,2.172040,2.431381
137.500000,2.084408,2.032319,2.177048,2.336043
137.600000,2.102260,2.013421,2.218893,4.262039
137.700000,2.138248,2.020030,2.218073,2.277259
137.800000,2.154682,1.995548,2.185413,4.229322
137.900000,2.146749,1.997140,2.200853,4.175694
138.000000,2.110662,2.007916,2.218601,4.059250
138.100000,2.148427,2.020463,2.215125,4.048006
138.200000,2.116477,2.026760,2.168237,4.001844
138.300000,2.139597,2.029083,2.179168,4.033366
138.400000,2.183368,2.023533,2.172562,4.086916
138.500000,2.155035,2.012724,2.156120,4.001041
138.600000,2.147857,2.012272,2.180050,4.047638
138.700000,2.123890,1.999263,2.181302,3.824531
138.800000,2.119682,2.010740,2.182822,2.345874
138.900000,2.133725,2.019920,2.184774,2.389182
139.000000,2.135048,2.011714,2.174237,2.371500
139.100000,2.128411,2.016767,2.148305,2.301660
139.200000,2.118741,2.015504,2.151660,2.323965
139.300000,2.128925,2.048719,2.141004,2.357457
139.400000,2.158676,2.004943,2.145446,3.952262
139.500000,2.133682,2.001727,2.171981,3.991271
139.600000,2.174421,2.018664,2.159212,2.474930
139.700000,2.141998,2.027822,2.141289,2.379284
139.800000,2.140460,2.026603,2.164806,2.396241
139.900000,2.172451,2.046808,2.139229,2.443085
140.000000,2.153709,2.024665,2.154130,2.400359
140.100000,2.129844,2.001595,2.123246,2.401762
140.200000,2.138582,2.004223,2.119905,2.379507
140.300000,2.117249,2.011803,2.157642,2.310461
140.400000,2.114830,2.025206,2.150466,2.335588
140.500000,2.123239,2.021492,2.163962,2.386273
140.600000,4.001645,2.012288,2.132551,2.388051
140.700000,2.137137,2.031805,2.160888,2.352077
140.800000,2.116941,2.025924,2.166946,2.322913
140.900000,2.117160,2.007328,2.145955,2.321129
141.000000,2.128692,2.023275,2.157393,2.336965
141.100000,2.117494,1.996624,2.144073,2.325147
141.200000,2.123908,2.016301,2.113030,2.317749
141.300000,2.131725,2.011838,2.134906,2.354216
141.400000,2.091709,2.030739,2.131350,2.331287
141.500000,2.125508,2.024042,2.144719,2.312787
141.600000,2.125477,2.011566,2.118922,2.294611
141.700000,2.168479,2.031606,2.138647,2.241427
141.800000,2.126110,2.006840,2.163788,2.229662
141.900000,2.152707,2.008855,2.141135,2.321500
142.000000,2.138512,2.014119,2.161238,2.285322
142.100000,2.124496,2.014327,2.180183,2.239370
142.200000,2.088505,2.019632,2.218793,2.302125
142.300000,2.088316,2.021930,2.203565,2.337830
142.400000,2.125352,2.010940,2.194616,2.294433
142.500000,2.103254,2.006205,2.150205,2.254209
142.600000,2.112833,2.012157,2.159156,2.336689
142.700000,2.142572,2.018573,2.154362,2.370344
142.800000,2.130522,2.011387,2.182438,2.315867
142.900000,2.138523,1.992444,2.173250,2.305748
143.000000,2.134426,1.990552,2.143661,2.313062
143.100000,2.186079,2.025367,2.144079,2.302380
143.200000,2.161043,2.020570,2.133343,2.300450
143.300000,2.182852,2.008638,2.137102,2.299090
143.400000,2.199984,2.024881,2.155238,2.313581
143.500000,2.175668,2.015248,2.134658,2.325728
143.600000,2.215027,2.018486,2.185289,2.366962
143.700000,2.208016,2.011061,2.180058,2.353812
143.800000,2.199719,1.993778,2.172118,2.301907
143.900000,2.174254,1.995511,2.173509,2.305428
144.000000,2.187272,2.005428,2.160919,2.253721
144.100000,2.173373,1.999912,2.135567,2.268064
144.200000,2.140856,1.978943,2.157064,2.254906
144.300000,2.166991,1.993582,2.155773,2.293989
144.400000,2.168747,2.007368,2.147248,2.292881
144.500000,2.135425,1.992730,2.136025,2.270644
144.600000,2.195459,2.016985,2.167042,2.286828
144.700000,2.154356,1.997505,2.182389,2.266326
144.800000,2.123406,1.987430,2.167734,2.246508
144.900000,2.138334,1.996928,2.184087,2.283678
145.000000,2.139650,2.008036,2.138989,2.263162
145.100000,2.154828,2.014793,2.130556,2.318150
145.200000,2.132061,2.012966,2.132218,2.253906
145.300000,2.115854,2.025626,2.108059,2.220685
145.400000,2.160385,2.007921,2.135792,2.193024
145.500000,2.120083,2.003036,2.127101,2.216046
145.600000,2.128739,2.020022,2.141448,2.182460
145.700000,2.111019,2.001133,2.115822,2.188519
145.800000,2.105304,1.994547,2.152316,2.214040
145.900000,2.097734,2.008940,2.137980,2.207983
146.000000,2.112297,2.002298,2.151293,2.213631
146.100000,2.134266,2.008205,2.134211,2.126611
146.200000,2.137257,2.007951,2.169493,2.201097
146.300000,2.143586,2.019664,2.168802,2.166560
146.400000,2.131131,2.029951,2.188454,2.177952
146.500000,2.161741,1.998369,2.178490,2.193654
146.600000,2.160115,1.995601,2.179188,2.163727
146.700000,2.145831,2.016781,2.181357,2.121651
146.800000,2.167841,2.035342,2.162563,2.105183
146.900000,2.186971,2.038589,2.170314,2.104981
147.000000,2.146994,2.006514,2.183962,2.115358
147.100000,2.116525,2.023766,2.180418,2.104636
147.200000,2.096514,2.016177,2.192135,2.067286
147.300000,2.142775,2.011089,2.190567,2.086072
147.400000,2.138536,2.031204,2.220179,2.063221
147.500000,2.176892,2.012466,2.178464,2.110140
147.600000,2.144523,2.009819,2.227777,2.084193
147.700000,2.124838,1.988334,2.223313,2.084133
147.800000,2.143475,1.984839,2.198154,2.094122
147.900000,2.109013,1.997343,2.193133,2.070610
148.000000,2.105777,1.997798,2.212924,2.090251
148.100000,2.091944,2.007090,2.182346,2.136032
148.200000,2.094377,2.003754,2.158797,2.067138
148.300000,2.089954,2.020807,2.154284,2.072487
148.400000,2.088826,2.005305,2.151605,2.100694
148.500000,2.114496,2.010599,2.151402,2.061657
148.600000,2.096853,2.008424,2.137709,3.892648
148.700000,2.109883,2.004886,2.157869,3.969323
148.800000,2.112206,1.998977,2.188347,3.900426
148.900000,2.150245,2.019139,2.176884,2.154355
149.000000,2.087835,1.994391,2.165774,3.986484
149.100000,2.089311,1.996318,2.172061,4.120350
149.200000,2.117720,1.993888,2.213054,2.115416
149.300000,2.137650,2.007288,2.205610,2.100102
149.400000,2.128330,2.030102,2.162505,2.135670
149.500000,2.099708,2.014074,2.172945,2.137357
149.600000,2.158962,2.030941,2.173111,2.167180
149.700000,2.127041,2.035560,2.205110,2.182079
149.800000,2.146758,2.031066,2.190724,2.163866
149.900000,2.170076,1.999274,2.167965,2.215210
150.000000,2.096091,2.028047,2.197901,2.208828
150.100000,2.111471,2.027938,2.172905,2.251382
150.200000,2.130419,2.035749,2.174967,2.335076
150.300000,2.158823,2.022556,2.188635,2.332683
150.400000,2.135262,2.008404,2.181876,3.310028
150.500000,2.149995,2.010291,2.174746,3.346828
150.600000,2.144071,2.009720,2.173365,2.327175
150.700000,2.086052,2.015893,2.172505,2.341720
150.800000,2.078400,2.018966,2.200980,2.280785
150.900000,2.088840,2.024583,2.152631,2.238024
151.000000,2.166974,2.034314,2.149381,2.200977
151.100000,2.102583,2.010536,2.158733,2.138958
151.200000,2.072690,2.022993,2.203937,2.161705
151.300000,2.083545,2.016479,2.213369,2.156170
151.400000,2.041679,1.993981,2.184834,2.125791
151.500000,2.065672,1.981293,2.200830,2.109413
151.600000,2.091205,1.991712,2.216997,3.385670
151.700000,2.090563,2.011956,2.202369,2.117034
151.800000,2.095709,1.990539,2.237030,2.091470
151.900000,2.100637,2.008763,2.228658,2.188887
152.000000,2.097288,1.985759,2.201499,2.209602
152.100000,2.114746,1.996064,2.186179,2.151911
152.200000,2.078676,1.984649,2.154689,2.163889
152.300000,2.120205,2.011924,2.157063,2.122075
152.400000,2.135455,2.002759,2.144469,2.160550
152.500000,2.128088,2.013743,2.138748,2.192992
152.600000,2.123799,2.021397,2.140218,2.162399
152.700000,2.109076,2.027652,2.160072,2.150637
152.800000,2.154190,2.015555,2.167004,2.181027
152.900000,2.119960,1.989316,2.143850,2.195505
153.000000,2.101142,1.974492,2.154667,2.187248
153.100000,2.120552,2.002103,2.153149,2.195019
153.200000,2.187645,2.024638,2.152983,2.202822
153.300000,2.197086,2.021266,2.145377,2.199408
153.400000,2.209079,2.016556,2.155742,2.299400
153.500000,2.228897,1.996123,2.173173,2.248999
153.600000,2.241487,2.010598,2.147421,2.268831
153.700000,2.217281,1.993536,2.141606,2.263796
153.800000,2.207917,2.029190,2.134109,2.236863
153.900000,2.209871,2.015103,2.124327,2.300224
154.000000,2.149924,2.007166,2.199087,2.280310
154.100000,2.196718,2.019872,2.168892,3.225763
154.200000,2.183928,1.995482,2.141714,3.294657
154.300000,2.195256,2.044057,2.139632,2.250827
154.400000,2.220838,2.038040,2.135539,2.198002
154.500000,2.180158,2.023659,2.126014,3.253592
154.600000,2.147941,2.026450,2.127797,3.301172
154.700000,2.160518,2.020043,2.156303,3.308162
154.800000,2.172841,2.008536,2.117887,3.347840
154.900000,2.165870,2.029774,2.126904,3.418309
155.000000,2.254926,2.039769,2.137045,3.511444
155.100000,2.223826,2.038883,2.129606,3.573010
155.200000,2.252755,2.022280,2.103034,3.567301
155.300000,2.216104,2.021289,2.112617,3.516683
155.400000,2.205495,2.021816,2.136692,3.505469
155.500000,2.128330,2.013038,2.147455,3.375210
155.600000,2.155107,2.009400,2.123942,3.450726
155.700000,2.192428,2.022611,2.118821,3.489403
155.800000,2.195055,2.029927,2.120134,3.547082
155.900000,2.199681,2.013408,2.130121,3.682773
156.000000,2.284980,2.025202,2.121391,3.667649
156.100000,2.203791,2.019311,2.119105,3.690583
156.200000,2.217391,2.035474,2.130205,3.832696
156.300000,2.159044,2.017703,2.146065,3.641624
156.400000,2.155185,2.014914,2.126018,3.583215
156.500000,2.208509,1.999241,2.142102,3.405396
156.600000,2.204182,2.004249,2.160354,3.365539
156.700000,2.180862,2.006825,2.176643,3.322149
156.800000,2.176089,2.003431,2.198188,3.303754
156.900000,2.215075,2.003797,2.152807,3.263978
157.000000,2.193375,2.006815,2.146873,3.217018
157.100000,2.188652,2.021122,2.173677,3.312101
157.200000,2.172519,1.997121,2.149869,3.390173
157.300000,2.173769,2.005360,2.182488,3.401521
157.400000,2.209707,2.006052,2.188478,3.472593
157.500000,2.161535,2.016489,2.174447,3.457585
157.600000,2.202863,2.004342,2.192928,3.476937
157.700000,2.201586,2.012764,2.197047,3.402304
157.800000,2.120930,1.993450,2.219029,3.489272
157.900000,2.148143,2.010843,2.202508,3.488438
158.000000,2.185210,2.008654,2.208551,3.501878
158.100000,2.176475,2.005468,2.214124,3.485773
158.200000,2.203236,2.013056,2.231121,3.466497
158.300000,2.218130,2.019516,2.228032,3.395237
158.400000,2.198036,2.023768,2.213614,3.483853
158.500000,2.193025,2.019517,2.186393,3.436359
158.600000,2.210038,2.029822,2.190301,2.168641
158.700000,2.184191,2.035870,2.186311,2.250995
158.800000,2.159420,1.992384,2.189890,3.542490
158.900000,2.145484,1.984133,2.195642,3.520738
159.000000,2.177155,2.000375,2.185074,2.119397
159.100000,2.139862,1.999786,2.186364,2.138664
159.200000,2.103136,1.987675,2.175860,2.137051
159.300000,2.117106,2.019213,2.181486,2.178828
159.400000,2.147010,1.995993,2.146294,2.118403
159.500000,2.199791,1.988266,2.146243,3.425707
159.600000,2.205624,2.005649,2.166132,3.454354
159.700000,2.163914,2.006837,2.171009,2.119194
159.800000,2.137847,1.973567,2.192229,2.154032
159.900000,2.120039,2.003279,2.174005,3.471568
160.000000,2.123208,2.020359,2.172927,3.467475
160.100000,2.119877,1.990471,2.177643,3.492609
160.200000,2.127864,2.007535,2.166384,3.447918
160.300000,2.100837,1.983632,2.145201,3.462817
160.400000,2.144284,1.994690,2.151440,3.460413
160.500000,2.111441,1.980591,2.121377,2.215248
160.600000,2.124137,1.986932,2.174006,3.444097
160.700000,2.165824,1.970125,2.193254,3.462492
160.800000,3.373607,1.980487,2.229323,2.184665
160.900000,2.148590,1.975746,2.186885,2.136641
161.000000,2.115927,1.984374,2.179090,2.074412
161.100000,3.436524,1.991018,2.215867,2.105143
161.200000,3.467657,1.968984,2.193037,2.070934
161.300000,2.146565,1.987547,2.177218,2.081167
161.400000,3.400163,2.006811,2.168265,2.111570
161.500000,3.407533,1.972063,2.154397,2.120323
161.600000,3.355557,1.983525,2.195347,2.159764
161.700000,3.438204,1.995883,2.181756,2.083462
161.800000,3.437606,1.978604,2.159166,2.146224
161.900000,3.498812,1.981949,2.179500,2.177767
162.000000,2.091884,1.995846,2.183973,2.205514
162.100000,3.500856,1.989019,2.189183,2.203987
162.200000,3.474140,1.977746,2.212551,2.173207
162.300000,3.496946,2.009095,2.222551,2.170973
162.400000,3.565691,1.999615,2.163321,2.174388
162.500000,3.611428,1.992989,2.164299,2.151496
162.600000,3.569774,2.010458,2.155500,2.111955
162.700000,3.660244,1.985403,2.129437,2.087546
162.800000,3.592095,1.990074,2.126609,2.054631
162.900000,3.623962,1.970888,2.126861,2.081318
163.000000,3.713192,2.000461,2.149767,2.209444
163.100000,3.700616,1.987319,2.106694,2.226563
163.200000,3.747490,2.017809,2.108771,2.241895
163.300000,3.647369,2.017213,2.115898,2.233700
163.400000,3.669737,2.001396,2.125453,2.242939
163.500000,3.657660,2.002982,2.116876,2.245263
163.600000,3.622917,1.997207,2.156816,2.227265
163.700000,3.575410,1.995621,2.146203,2.180990
163.800000,3.760558,1.998448,2.111223,2.126711
163.900000,3.790481,2.005845,2.090743,3.586032
164.000000,3.730027,2.003832,2.085801,3.681016
164.100000,3.716749,2.002043,2.103963,2.061248
164.200000,3.698046,1.993107,2.114854,3.702270
164.300000,3.627088,1.982961,2.115695,2.019601
164.400000,3.516941,1.993904,2.127369,3.628469
164.500000,3.532328,2.015125,2.140250,3.726024
164.600000,3.469279,2.002344,2.134583,3.782915
164.700000,3.607513,2.014662,2.111683,3.836967
164.800000,3.686430,1.980345,2.125661,3.815961
164.900000,3.759228,2.002087,2.145146,2.079617
165.000000,3.775692,2.018437,2.122995,2.082008
165.100000,3.759486,1.996275,2.139825,2.116683
165.200000,3.785934,2.012101,2.148175,2.055753
165.300000,3.807843,2.006818,2.134414,2.089476
165.400000,3.886219,1.996002,2.143078,2.078079
165.500000,3.826614,2.002550,2.138359,2.030113
165.600000,3.859550,1.988155,2.123523,2.092702
165.700000,3.839529,1.995191,2.150984,2.084553
165.800000,3.805027,1.985508,2.119839,2.042209
165.900000,3.842259,1.998107,2.127341,3.762425
166.000000,3.843944,1.989604,2.127145,3.733383
166.100000,3.880602,1.995273,2.141228,3.767906
166.200000,2.159105,1.997139,2.163538,2.055446
166.300000,2.156836,1.996754,2.130541,2.044922
166.400000,2.198567,2.013283,2.156235,2.048651
166.500000,3.881879,1.983476,2.170702,3.838379
166.600000,3.978060,2.010507,2.140221,3.677036
166.700000,2.225063,2.012527,2.151081,3.681422
166.800000,3.984884,2.004390,2.159951,3.727803
166.900000,2.196961,2.031103,2.143508,3.680632
167.000000,4.020557,2.004179,2.158642,2.071622
167.100000,3.948910,1.996137,2.175015,3.596029
167.200000,3.924669,2.013615,2.145223,3.604578
167.300000,3.980118,1.988165,2.175633,3.660256
167.400000,3.916773,1.978419,2.145967,3.688030
167.500000,3.846017,1.994923,2.171229,3.568929
167.600000,3.925710,1.986968,2.124433,2.042080
167.700000,3.968740,1.979973,2.170684,2.056278
167.800000,3.970843,1.991525,2.174465,2.080034
167.900000,3.936327,2.001980,2.184288,2.068299
168.000000,3.966846,1.993180,2.155847,3.526558
168.100000,2.028945,2.017387,2.205949,3.604730
168.200000,2.029790,1.996801,2.189252,2.069762
168.300000,2.045485,1.990373,2.213607,2.060831
168.400000,2.046158,1.962154,2.208689,2.089096
168.500000,3.811533,1.975672,2.222507,2.065260
168.600000,2.126766,1.992653,2.201057,2.076908
168.700000,3.725624,1.995686,2.193456,2.062923
168.800000,3.673580,1.992386,2.144726,2.053632
168.900000,3.620604,1.986124,2.173278,2.046597
169.000000,3.551353,1.998989,2.172748,2.057740
169.100000,3.504112,1.989157,2.190569,2.118109
169.200000,3.606125,1.988013,2.201970,2.140242
169.300000,3.629767,1.993911,2.174225,2.138046
169.400000,3.506475,1.974699,2.199197,2.157274
169.500000,3.479268,1.981383,2.171515,3.772387
169.600000,3.545111,1.988022,2.168019,3.724039
169.700000,3.464540,1.980958,2.190266,2.109791
169.800000,3.542239,1.990324,2.193106,2.082266
169.900000,3.475717,1.977358,2.186771,3.641394
170.000000,2.200939,1.988660,2.167921,2.139972
170.100000,3.348426,2.005607,2.178876,2.102429
170.200000,2.219134,1.992616,2.198889,2.096917
170.300000,3.399981,1.991874,2.171109,3.527832
170.400000,3.401766,2.011956,2.151327,3.522231
170.500000,3.289655,2.007711,2.146826,2.021854
170.600000,3.440937,2.008767,2.137687,2.074602
170.700000,3.355918,2.008213,2.137790,2.066151
170.800000,3.366139,2.001092,2.135467,3.609140
170.900000,3.368859,2.010724,2.153637,3.490213
171.000000,3.386773,1.987832,2.147515,3.540921
171.100000,3.347710,2.002344,2.152260,3.603889
171.200000,3.700165,1.989755,2.138358,2.005967
171.300000,3.578515,2.015510,2.107653,3.634043
171.400000,2.257637,2.010063,2.128967,2.062027
171.500000,3.616161,2.010497,2.154358,2.055145
171.600000,3.659332,2.004034,2.127376,2.084594
171.700000,3.735998,2.007145,2.130297,2.038045
171.800000,2.244488,2.000816,2.129699,3.647903
171.900000,3.676568,2.012810,2.129918,3.588738
172.000000,3.650782,2.008419,2.158567,3.652182
172.100000,2.196661,2.005210,2.144558,3.676547
172.200000,2.162410,1.992126,2.139711,3.681374
172.300000,3.755330,2.015612,2.112635,3.865444
172.400000,3.777529,2.004809,2.142992,3.781642
172.500000,3.864924,2.007253,2.153149,3.781732
172.600000,3.804432,2.006183,2.165475,3.840276
172.700000,2.061822,2.020555,2.166201,3.867207
172.800000,3.878442,2.004328,2.165061,2.027090
172.900000,2.091424,1.994178,2.162251,3.820440
173.000000,2.110267,1.996879,2.161374,3.832245
173.100000,2.110249,1.995155,2.167245,2.011992
173.200000,4.033223,2.012687,2.169950,3.916104
173.300000,2.124954,2.011200,2.136940,3.940319
173.400000,2.118269,1.987340,2.156801,3.849120
173.500000,2.077996,2.007838,2.129830,3.973652
173.600000,2.052456,1.998963,2.151649,3.977659
173.700000,4.101158,2.008387,2.146310,3.901425
173.800000,1.995221,1.981396,2.147882,3.945517
173.900000,2.044278,2.001294,2.153953,3.961235
174.000000,1.978976,1.981507,2.157992,3.987949
174.100000,1.997003,2.008093,2.149777,3.986218
174.200000,1.969940,2.006222,2.158566,4.082891
174.300000,1.944423,2.015852,2.152095,4.228403
174.400000,1.938994,1.997659,2.168775,4.275131
174.500000,1.932253,1.994317,2.167080,4.158841
174.600000,1.936206,2.001109,2.160258,4.204935
174.700000,1.956318,1.996497,2.132728,4.209655
174.800000,1.942672,2.033207,2.128396,1.935342
174.900000,1.934932,2.005965,2.160142,4.288545
175.000000,1.945748,2.006115,2.122460,4.404805
175.100000,1.936115,1.971529,2.139004,4.373389
175.200000,1.937755,2.000985,2.157201,4.292447
175.300000,1.936375,2.006471,2.139396,4.305184
175.400000,1.914122,2.007674,2.141592,4.387852
175.500000,1.913460,2.002094,2.134541,4.472012
175.600000,1.916302,1.997862,2.142531,4.370687
175.700000,1.922969,2.012176,2.127315,4.382067
175.800000,1.940146,1.994451,2.123641,4.416094
175.900000,1.931509,2.016263,2.133059,4.457196
176.000000,1.944878,2.007701,2.143991,4.527758
176.100000,1.965273,1.998707,2.141660,4.478840
176.200000,1.955958,2.022986,2.134716,4.330480
176.300000,1.965935,2.001583,2.139220,4.408823
176.400000,1.965169,2.003701,2.142155,4.487208
176.500000,2.012736,2.024879,2.129323,4.453323
176.600000,1.978006,2.026438,2.130217,4.582219
176.700000,1.957454,2.035781,2.119634,4.452655
176.800000,1.976662,2.033473,2.122737,4.339154
176.900000,1.942678,2.022731,2.138884,4.308219
177.000000,1.937127,2.024972,2.116831,4.334289
177.100000,1.940515,2.016672,2.129030,4.342227
177.200000,1.952890,2.032342,2.147762,4.293634
177.300000,1.972927,2.015409,2.150255,4.386765
177.400000,1.952413,2.012125,2.127836,4.384058
177.500000,1.913118,2.038938,2.119632,4.354043
177.600000,1.925133,2.036022,2.123101,4.270412
177.700000,1.915412,2.012025,2.141579,4.222630
177.800000,1.916304,2.027483,2.127826,4.231713
177.900000,1.938325,2.046755,2.127424,4.258843
178.000000,1.900409,2.031814,2.127509,4.335292
178.100000,1.903430,2.014133,2.120735,4.377795
178.200000,1.896834,2.016615,2.124494,4.363110
178.300000,1.908828,2.040699,2.136870,4.392326
178.400000,1.902222,2.005292,2.116882,4.387151
178.500000,1.890161,2.003627,2.138854,4.339175
178.600000,1.899236,2.019606,2.145824,4.148062
178.700000,1.889171,2.021387,2.139138,4.207451
178.800000,1.889408,2.017299,2.124021,4.190372
178.900000,1.896987,1.987128,2.122966,4.276704
179.000000,1.861606,2.010441,2.118527,4.165159
179.100000,1.881652,2.007908,2.117210,4.141854
179.200000,1.887185,2.010905,2.111711,4.270658
179.300000,1.870108,2.009756,2.122163,4.248634
179.400000,1.881599,2.008184,2.143601,4.181780
179.500000,1.888404,2.000471,2.116538,4.128792
179.600000,1.880025,2.004909,2.138544,4.155486
179.700000,1.871157,2.008978,2.154471,4.058466
179.800000,1.875552,1.997645,2.147934,4.133769
179.900000,1.879273,2.003059,2.183468,4.079471
180.000000,1.876912,2.014338,2.163214,4.051477
180.100000,1.882231,2.007035,2.166312,3.938544
180.200000,1.898095,1.989237,2.152149,3.818610
180.300000,1.870920,1.991201,2.138862,1.983947
180.400000,1.855908,1.997712,2.142521,2.022965
180.500000,1.873889,2.003937,2.177297,3.872892
180.600000,1.865584,1.999073,2.178625,3.803954
180.700000,1.862939,2.010785,2.195236,3.830655
180.800000,1.891647,1.987166,2.178203,3.845181
180.900000,1.883103,2.009454,2.172352,3.838570
181.000000,1.886919,2.011429,2.145969,3.783229
181.100000,1.867018,2.004458,2.166723,3.854390
181.200000,1.873434,2.011476,2.166392,3.844850
181.300000,1.871166,2.016042,2.193972,3.824011
181.400000,1.866103,2.014093,2.153106,3.769184
181.500000,1.877098,2.013708,2.144819,3.736954
181.600000,1.870460,2.012155,2.153658,4.006644
181.700000,1.877817,2.005865,2.142987,4.028229
181.800000,1.856897,2.006868,2.165449,3.939020
181.900000,1.864007,1.994695,2.164526,3.979399
182.000000,1.877582,2.005728,2.149498,3.946886
182.100000,1.887583,2.004873,2.165607,4.016620
182.200000,1.873466,1.985464,2.157533,1.985155
182.300000,1.867038,1.979822,2.152523,4.068581
182.400000,1.873667,2.007989,2.154155,4.074076
182.500000,1.873992,2.001970,2.154388,3.982246
182.600000,1.860544,2.038787,2.141390,4.001231
182.700000,1.864377,2.010154,2.149265,4.023612
182.800000,1.855115,2.018296,2.155070,1.987037
182.900000,1.867320,2.018070,2.167378,1.973981
183.000000,1.861593,1.993716,2.165794,1.978267
183.100000,1.880317,2.015401,2.155929,4.037061
183.200000,1.884360,2.011173,2.179108,1.950705
183.300000,1.867818,1.993584,2.165889,1.929730
183.400000,1.868510,2.023436,2.134933,1.939063
183.500000,1.875630,2.006329,2.170716,1.920977
183.600000,1.887133,2.002584,2.140847,1.947860
183.700000,1.901387,3.824098,2.152708,1.938696
183.800000,1.859079,2.006060,2.172324,1.935791
183.900000,1.883491,1.992009,2.154157,1.938897
184.000000,1.922322,1.993622,2.150605,1.935825
184.100000,1.893458,2.000167,2.163069,1.952703
184.200000,1.884572,2.011000,2.162986,1.952945
184.300000,1.897160,1.986431,2.161336,1.969762
184.400000,1.890625,2.008609,2.187935,1.966602
184.500000,1.889835,1.999848,2.164538,1.936455
184.600000,1.870430,2.001971,2.185672,1.952391
184.700000,1.869263,2.007032,2.151907,1.952892
184.800000,1.886517,2.028559,2.135910,1.955912
184.900000,1.874692,1.991901,2.151349,1.953540
185.000000,1.898009,3.562128,2.131192,1.960129
185.100000,1.884131,1.989712,2.144377,1.946124
185.200000,1.903737,1.998245,2.148205,1.929274
185.300000,1.920552,1.998696,2.135981,1.949820
185.400000,1.927775,2.008058,2.140877,1.940940
185.500000,1.913163,2.004182,2.142697,1.937139
185.600000,1.923051,1.995675,2.168811,1.921684
185.700000,1.904123,1.978911,2.163594,1.947801
185.800000,1.908260,1.994632,2.171099,1.939952
185.900000,1.924990,1.995029,2.181799,1.958841
186.000000,1.911334,2.011639,2.184192,1.951832
186.100000,1.918990,2.002480,2.194860,1.955920
186.200000,1.924112,1.993944,2.167530,1.949419
186.300000,1.912432,2.014577,2.162135,1.944420
186.400000,1.915941,2.027730,2.156596,1.948055
186.500000,1.916879,2.024573,2.150727,1.948281
186.600000,1.923471,2.019202,2.162619,1.930776
186.700000,1.966376,2.028611,2.177703,1.940171
186.800000,1.930589,2.024136,2.149534,1.955695
186.900000,1.891093,2.019761,2.160744,1.982082
187.000000,1.915411,2.010852,2.158364,1.974921
187.100000,1.876750,3.614620,2.167933,1.965209
187.200000,1.903512,3.606143,2.175127,1.951757
187.300000,1.881428,3.621528,2.185258,1.955838
187.400000,1.890652,3.537758,2.165082,1.960840
187.500000,1.884501,3.527747,2.166650,1.955499
187.600000,1.903563,2.019885,2.181868,1.958351
187.700000,1.893978,2.010551,2.189499,1.928356
187.800000,1.884759,2.024920,2.172917,1.939354
187.900000,1.885933,3.575902,2.174847,1.939300
188.000000,1.892095,2.024863,2.189396,1.922933
188.100000,1.866414,2.026433,2.174309,1.930698
188.200000,1.881276,3.538433,2.190273,1.938253
188.300000,1.882057,3.521759,2.204385,1.931152
188.400000,1.879743,2.034607,2.195688,1.905113
188.500000,1.886204,2.018221,2.196900,1.933770
188.600000,1.884841,2.014629,2.178285,1.936514
188.700000,1.889310,2.022974,2.156191,1.950930
188.800000,1.880885,2.030655,2.189131,1.958302
188.900000,1.885767,2.007105,2.196347,1.926381
189.000000,1.893935,1.987683,2.193064,1.919035
189.100000,1.917183,2.004996,2.201129,1.928284
189.200000,1.910085,2.005603,2.173136,1.934493
189.300000,1.902950,2.000815,2.196068,1.932397
189.400000,1.905605,2.026642,2.168586,1.944451
189.500000,1.889150,2.014651,2.162344,1.925492
189.600000,1.903639,2.004251,2.188676,1.921162
189.700000,1.890868,2.015161,2.179862,1.942036
189.800000,1.911296,2.015696,2.155353,1.953769
189.900000,1.913868,2.000768,2.165511,1.983146
190.000000,1.911465,2.004525,2.155437,1.945592
190.100000,1.881758,2.020195,2.197689,1.932613
190.200000,1.886430,2.000423,2.154022,1.928620
190.300000,1.879318,1.980166,2.158250,1.943017
190.400000,1.905753,1.998400,2.172370,1.948169
190.500000,1.884712,2.022716,2.159995,1.924720
190.600000,1.888741,1.996557,2.190129,1.918718
190.700000,1.888638,2.020234,2.170795,1.924703
190.800000,1.862714,1.994295,2.168211,1.917055
190.900000,1.874687,2.026941,2.204966,1.929461
191.000000,1.883621,2.006197,2.188534,1.910823
191.100000,1.900424,2.016591,2.194713,1.910019
191.200000,1.904463,2.003111,2.189685,1.915094
191.300000,1.887911,2.036048,2.176368,1.915244
191.400000,1.897624,2.004922,2.169617,1.906771
191.500000,1.889105,2.016743,2.167979,1.916715
191.600000,1.905162,2.009860,2.191297,1.929534
191.700000,1.902028,2.018230,2.171627,1.909456
191.800000,1.895063,2.022761,2.187595,1.927204
191.900000,1.912719,2.018022,2.187996,1.914433
192.000000,1.893502,1.999398,2.164450,1.900674
192.100000,1.882425,2.003941,2.168658,1.908454
192.200000,1.895612,2.018274,2.191885,1.915347
192.300000,1.908099,2.011478,2.180619,1.901166
192.400000,1.904226,1.996923,2.176323,1.919935
192.500000,1.902145,2.011333,2.176205,1.906764
192.600000,1.906288,2.012096,2.170809,1.920058
192.700000,1.901814,2.000292,2.177222,1.918172
192.800000,1.887487,2.003961,2.172936,1.937149
192.900000,1.909087,1.992533,2.183031,1.921441
193.000000,1.924349,2.009399,2.170000,1.917215
193.100000,1.903681,1.999253,2.171191,1.901706
193.200000,1.915542,1.989328,2.174911,1.913488
193.300000,1.886561,1.995935,2.172799,1.919182
193.400000,1.904912,1.986964,2.206554,1.922559
193.500000,1.898429,1.999613,2.174449,1.933189
193.600000,1.887167,2.008048,2.179564,1.914610
193.700000,1.896469,1.995198,2.144464,1.933066
193.800000,1.895941,2.015123,2.152112,1.916445
193.900000,1.908888,2.010616,2.159566,1.923478
194.000000,1.910988,2.005715,2.178490,1.928334
194.100000,1.875215,1.994437,2.162893,1.928589
194.200000,1.900554,1.991140,2.165660,1.921964
194.300000,1.888306,1.987011,2.171563,1.931161
194.400000,1.903772,1.994712,2.206427,1.925993
194.500000,1.896185,2.021515,2.173356,1.930857
194.600000,1.896903,2.040216,2.186204,1.941194
194.700000,1.897884,2.027926,2.219307,1.919197
194.800000,1.897269,2.036176,2.209209,1.937465
194.900000,1.902815,2.051246,2.242322,1.928548
195.000000,1.886833,2.027464,2.225164,1.936013
195.100000,1.897000,2.035475,2.206420,1.907602
195.200000,1.905340,2.034045,2.197065,1.905484
195.300000,1.899953,2.037117,2.162388,1.918645
195.400000,1.904652,2.048737,2.195016,1.922135
195.500000,1.908015,2.050935,2.147983,1.928021
195.600000,1.911153,2.045619,2.179016,1.924699
195.700000,1.899849,2.043516,2.190382,1.906703
195.800000,1.900921,2.046748,2.173418,1.917265
195.900000,1.937026,2.066029,2.195910,1.905409
196.000000,1.921751,2.084270,2.179615,1.928427
196.100000,1.923297,2.064454,2.187439,1.909779
196.200000,1.928653,2.048016,2.161776,1.909744
196.300000,1.922871,2.039958,2.186590,1.917132
196.400000,1.915476,2.053693,2.167017,1.918979
196.500000,1.918616,2.071870,2.171358,1.920938
196.600000,1.909525,2.070566,2.171826,1.918206
196.700000,1.913883,2.048478,2.165945,1.925356
196.800000,1.898584,2.042870,2.163984,1.927646
196.900000,1.905132,2.016529,2.193637,1.932522
197.000000,1.891978,2.006419,2.174670,1.917121
197.100000,1.885120,2.063194,2.187214,1.929889
197.200000,1.901397,2.029474,2.186672,1.935179
197.300000,1.890209,2.027331,2.177951,1.933821
197.400000,1.898790,2.053059,2.185402,1.933355
197.500000,1.899071,2.059065,2.182189,1.931906
197.600000,1.892021,2.035583,2.204577,1.940198
197.700000,1.875025,2.040880,2.194889,1.947790
197.800000,1.921439,2.051332,2.186089,1.912893
197.900000,1.925155,2.051268,2.184439,1.939611
198.000000,1.917944,2.046290,2.191324,1.915313
198.100000,1.895908,2.032947,2.171377,1.959574
198.200000,1.902412,2.047982,2.161301,1.936953
198.300000,1.896245,2.030483,2.173816,1.921554
198.400000,1.889799,2.002469,2.174650,1.948772
198.500000,1.902686,2.037024,2.180888,1.936795
198.600000,1.897267,2.031974,2.182383,1.935219
198.700000,1.892797,2.024913,2.184702,1.926315
198.800000,1.909636,2.046951,2.146546,1.922065
198.900000,1.898361,2.039799,2.150230,1.919600
199.000000,1.924634,2.047511,2.175518,1.921900
199.100000,1.887285,2.031542,2.171465,1.925082
199.200000,1.878048,2.043065,2.179445,1.914593
199.300000,1.892342,2.033168,2.169489,1.926735
199.400000,1.881732,2.058815,2.185389,1.912499
199.500000,1.907332,2.043731,2.160429,1.910733
199.600000,1.904296,2.015829,2.174647,1.932053
199.700000,1.920014,2.027778,2.150038,1.938147
199.800000,1.872780,2.028060,2.167926,1.926397
199.900000,1.900406,2.034028,2.162674,1.939025
200.000000,1.907001,2.004816,2.176320,1.943409
