Macrostate,System,Population_Fraction
M1,WT,0.2825464949928469
M2,WT,0.0
M3,WT,0.0
M4,WT,0.4592274678111588
M5,WT,0.2582260371959943
M1,D111A,0.2503576537911302
M2,D111A,0.0
M3,D111A,0.0
M4,D111A,0.34120171673819744
M5,D111A,0.4084406294706724
M1,T110A_D111A,0.2732474964234621
M2,T110A_D111A,0.09012875536480687
M3,T110A_D111A,0.000715307582260372
M4,T110A_D111A,0.17668097281831188
M5,T110A_D111A,0.4592274678111588
M1,T60A_S63A,0.525035765379113
M2,T60A_S63A,0.24105865522174535
M3,T60A_S63A,0.21530758226037197
M4,T60A_S63A,0.0
M5,T60A_S63A,0.01859799713876967
