System,Source,Target,Net_Flux
WT,M1,M4,0.005019861586167331
WT,M1,M5,0.0007171230837381901
WT,M4,M1,0.005722460658082976
WT,M4,M5,0.001430615164520744
WT,M5,M1,0.0007153075822603721
WT,M5,M4,0.0021459227467811163
D111A,M1,M4,0.002145922746781116
D111A,M4,M1,0.0014306151645207441
D111A,M4,M5,0.0014306151645207441
D111A,M5,M4,0.0007165625078432849
T110A_D111A,M1,M4,0.01859799713876967
T110A_D111A,M1,M5,0.017167381974248927
T110A_D111A,M2,M3,0.0007210300429184549
T110A_D111A,M3,M2,0.000715307582260372
T110A_D111A,M4,M1,0.019313304721030045
T110A_D111A,M4,M5,0.001430615164520744
T110A_D111A,M5,M1,0.016452074391988553
T110A_D111A,M5,M2,0.000715307582260372
T110A_D111A,M5,M4,0.002145922746781116
T60A_S63A,M1,M3,0.001430615164520744
T60A_S63A,M1,M5,0.005007153075822604
T60A_S63A,M2,M1,0.000715307582260372
T60A_S63A,M2,M5,0.002145922746781116
T60A_S63A,M3,M1,0.0007176919408679066
T60A_S63A,M3,M5,0.0014353838817358132
T60A_S63A,M5,M1,0.005007153075822604
T60A_S63A,M5,M2,0.002145922746781116
T60A_S63A,M5,M3,0.001430615164520744
