,1 FcμR,4 FcμR,8 FcμR
Asn109-Thr571,1.0,0.0,0.0
Thr65-Glu468,1.0,1.0,0.875
Thr60-Arg467,1.0,1.0,1.0
Asp111-Asn465,1.0,0.0,0.0
Asn66-Ala511,0.0,1.0,0.0
Arg112-Thr574,1.0,0.25,0.125
Phe67-Ser469,1.0,0.25,0.125
Arg45-Glu468,1.0,0.5,0.75
Gly107-Tyr576,1.0,0.0,0.125
Phe67-Glu468,1.0,1.0,1.0
Asp111-Arg467,1.0,0.5,0.875
Arg112-Cys575,1.0,0.0,0.125
Gly113-Tyr576,1.0,0.0,0.125
Thr110-Leu466,1.0,1.0,1.0
Met108-Arg451,1.0,0.25,0.125
Arg45-Leu466,1.0,1.0,1.0
Asn66-Pro512,1.0,0.5,0.0
Gly59-Glu526,1.0,0.5,0.5
Thr60-Leu466,1.0,1.0,0.875
Thr65-Arg514,1.0,0.25,0.25
Asn109-Asn465,1.0,1.0,1.0
Thr110-Asn465,1.0,1.0,0.625
Thr57-Arg467,1.0,0.75,1.0
Asn66-Arg514,1.0,1.0,1.0
Arg112-Tyr576,1.0,0.0,0.125
Thr60-Glu468,1.0,0.5,0.625
Thr110-Arg467,1.0,1.0,1.0
Met108-Asp453,1.0,0.0,0.0
Arg112-Ala572,1.0,0.25,0.125
Arg112-Thr571,1.0,0.25,0.125
Thr65-His450,1.0,0.0,0.125
Lys69-Glu526,1.0,0.75,0.75
Ser63-Glu468,1.0,0.75,0.75
Asn109-Tyr576,1.0,0.0,0.125
Phe67-Arg467,1.0,0.25,0.375
Met108-Leu466,0.0,0.5,0.875
His43-Arg491,0.0,0.0,0.75
Met42-Gln493,0.0,0.75,0.625
Met52-Glu526,0.0,0.75,0.5
Val44-Arg491,0.0,0.75,0.0
Arg112-Thr530,0.0,0.25,0.75
Met42-Ser496,0.0,0.0,0.625
Arg112-Glu532,0.0,0.0,0.625
Met42-Leu495,0.0,0.25,0.625
Met42-Pro494,0.0,0.25,0.625
Val44-Gln493,0.0,0.5,0.625
Arg112-Gly531,0.0,0.25,0.625
Met42-Gln490,0.0,0.5,0.0
Asn66-Gln510,0.0,0.5,0.0
Gly107-Arg491,0.0,0.5,0.5
Gly59-Arg467,0.0,0.0,0.375
His43-Gln493,0.0,0.25,0.0
Lys69-Ser524,0.0,0.25,0.0
Val44-Arg451,0.0,0.25,0.125
Lys73-Gln510,0.0,0.25,0.0
Met42-Arg491,0.0,0.25,0.125
Thr57-Glu525,0.0,0.0,0.25
Arg45-Asn465,0.0,0.25,0.0
Arg45-Arg467,0.0,0.0,0.25
Arg112-Arg491,0.0,0.0,0.125
Met108-Tyr576,0.0,0.0,0.125
Arg112-Thr533,0.0,0.0,0.125
Gly56-Thr571,0.0,0.0,0.125
Phe67-Ser524,0.0,0.0,0.125
Met108-Arg491,0.0,0.0,0.125
Ser55-Thr571,0.0,0.0,0.125
Asn109-Arg467,0.0,0.0,0.125
Asn66-His450,0.0,0.0,0.125
